method_id,method_name,situation_id,situation_name,quantity,regime,run_index,key,prep_time_ms,prep_reads,prep_comps,search_time_ms,search_reads,search_comps,status
1,ISA,1,Ascendente,20,cold,1,3,0.590384,1,0,0.047349,2,5,OK
1,ISA,1,Ascendente,20,cold,2,0,0.344785,1,0,0.043311,2,2,OK
1,ISA,1,Ascendente,20,cold,3,8,0.361607,1,0,0.037190,2,10,OK
1,ISA,1,Ascendente,20,cold,4,7,0.357128,1,0,0.034034,2,9,OK
1,ISA,1,Ascendente,20,cold,5,7,0.335848,1,0,0.036217,2,9,OK
1,ISA,1,Ascendente,20,cold,6,4,0.337151,1,0,0.038873,2,6,OK
1,ISA,1,Ascendente,20,cold,7,3,0.339415,1,0,0.037200,2,5,OK
1,ISA,1,Ascendente,20,cold,8,17,0.354984,1,0,0.040555,2,19,OK
1,ISA,1,Ascendente,20,cold,9,2,0.368379,1,0,0.036177,2,4,OK
1,ISA,1,Ascendente,20,cold,10,18,0.367227,1,0,0.042209,2,20,OK
1,ISA,1,Ascendente,20,cold,11,13,0.340637,1,0,0.039084,2,15,OK
1,ISA,1,Ascendente,20,cold,12,1,0.383176,1,0,0.052979,2,3,OK
1,ISA,1,Ascendente,20,cold,13,0,0.379390,1,0,0.042530,2,2,OK
1,ISA,1,Ascendente,20,cold,14,2,0.333083,1,0,0.037561,2,4,OK
1,ISA,1,Ascendente,20,cold,15,6,0.330359,1,0,0.045505,2,8,OK
1,ISA,1,Ascendente,20,cold,16,7,0.343783,1,0,0.038783,2,9,OK
1,ISA,1,Ascendente,20,cold,17,16,0.432800,1,0,0.040225,2,18,OK
1,ISA,1,Ascendente,20,cold,18,19,0.396462,1,0,0.038983,2,21,OK
1,ISA,1,Ascendente,20,cold,19,0,0.340076,1,0,0.040176,2,2,OK
1,ISA,1,Ascendente,20,cold,20,17,0.392234,1,0,0.040897,2,19,OK
1,ISA,1,Ascendente,20,cold,21,6,0.337712,1,0,0.038061,2,8,OK
1,ISA,1,Ascendente,20,cold,22,17,0.334025,1,0,0.040786,2,19,OK
1,ISA,1,Ascendente,20,cold,23,13,0.329967,1,0,0.071033,2,15,OK
1,ISA,1,Ascendente,20,cold,24,7,0.369882,1,0,0.044884,2,9,OK
1,ISA,1,Ascendente,20,cold,25,14,0.365544,1,0,0.036378,2,16,OK
1,ISA,1,Ascendente,20,cold,26,18,0.364432,1,0,0.044042,2,20,OK
1,ISA,1,Ascendente,20,cold,27,8,0.373139,1,0,0.034745,2,10,OK
1,ISA,1,Ascendente,20,cold,28,0,0.395971,1,0,0.038993,2,2,OK
1,ISA,1,Ascendente,20,cold,29,5,0.358161,1,0,0.040255,2,7,OK
1,ISA,1,Ascendente,20,cold,30,13,0.371014,1,0,0.041168,2,15,OK
1,ISA,1,Ascendente,20,cold,31,10,0.364612,1,0,0.041858,2,12,OK
1,ISA,1,Ascendente,20,cold,32,8,0.370113,1,0,0.041848,2,10,OK
1,ISA,1,Ascendente,20,cold,33,4,0.352680,1,0,0.036178,2,6,OK
1,ISA,1,Ascendente,20,cold,34,6,0.368229,1,0,0.040175,2,8,OK
1,ISA,1,Ascendente,20,cold,35,10,0.364602,1,0,0.040476,2,12,OK
1,ISA,1,Ascendente,20,cold,36,3,0.345076,1,0,0.090479,2,5,OK
1,ISA,1,Ascendente,20,cold,37,2,0.371175,1,0,0.041337,2,4,OK
1,ISA,1,Ascendente,20,cold,38,12,0.369361,1,0,0.040246,2,14,OK
1,ISA,1,Ascendente,20,cold,39,3,0.367418,1,0,0.040946,2,5,OK
1,ISA,1,Ascendente,20,cold,40,11,0.363300,1,0,0.042840,2,13,OK
1,ISA,1,Ascendente,20,cold,41,11,0.350295,1,0,0.035617,2,13,OK
1,ISA,1,Ascendente,20,cold,42,19,0.368960,1,0,0.040106,2,21,OK
1,ISA,1,Ascendente,20,cold,43,8,0.362789,1,0,0.038071,2,10,OK
1,ISA,1,Ascendente,20,cold,44,1,0.327663,1,0,0.060123,2,3,OK
1,ISA,1,Ascendente,20,cold,45,14,0.329336,1,0,0.036799,2,16,OK
1,ISA,1,Ascendente,20,cold,46,17,0.328425,1,0,0.048611,2,19,OK
1,ISA,1,Ascendente,20,cold,47,3,0.332472,1,0,0.037751,2,5,OK
1,ISA,1,Ascendente,20,cold,48,12,0.364181,1,0,0.073147,2,14,OK
1,ISA,1,Ascendente,20,cold,49,2,0.338043,1,0,0.062837,2,4,OK
1,ISA,1,Ascendente,20,cold,50,17,0.336219,1,0,0.095008,2,19,OK
1,ISA,1,Ascendente,20,cold,51,9,0.333414,1,0,0.038953,2,11,OK
1,ISA,1,Ascendente,20,cold,52,19,0.331230,1,0,0.040997,2,21,OK
1,ISA,1,Ascendente,20,cold,53,11,0.342221,1,0,0.036368,2,13,OK
1,ISA,1,Ascendente,20,cold,54,18,0.336730,1,0,0.037400,2,20,OK
1,ISA,1,Ascendente,20,cold,55,6,0.331220,1,0,0.035626,2,8,OK
1,ISA,1,Ascendente,20,cold,56,2,0.328976,1,0,0.034785,2,4,OK
1,ISA,1,Ascendente,20,cold,57,1,0.329356,1,0,0.037059,2,3,OK
1,ISA,1,Ascendente,20,cold,58,7,0.331541,1,0,0.035135,2,9,OK
1,ISA,1,Ascendente,20,cold,59,9,0.331160,1,0,0.038943,2,11,OK
1,ISA,1,Ascendente,20,cold,60,2,0.326872,1,0,0.036588,2,4,OK
1,ISA,1,Ascendente,20,cold,61,7,0.331490,1,0,0.039164,2,9,OK
1,ISA,1,Ascendente,20,cold,62,3,0.338002,1,0,0.037260,2,5,OK
1,ISA,1,Ascendente,20,cold,63,12,0.329797,1,0,0.035556,2,14,OK
1,ISA,1,Ascendente,20,cold,64,8,0.332312,1,0,0.038191,2,10,OK
1,ISA,1,Ascendente,20,cold,65,14,0.394088,1,0,0.038632,2,16,OK
1,ISA,1,Ascendente,20,cold,66,11,0.385311,1,0,0.037590,2,13,OK
1,ISA,1,Ascendente,20,cold,67,5,0.345817,1,0,0.039584,2,7,OK
1,ISA,1,Ascendente,20,cold,68,11,0.370763,1,0,0.037179,2,13,OK
1,ISA,1,Ascendente,20,cold,69,11,0.400169,1,0,0.042209,2,13,OK
1,ISA,1,Ascendente,20,cold,70,6,0.377807,1,0,0.042088,2,8,OK
1,ISA,1,Ascendente,20,cold,71,8,0.354213,1,0,0.042179,2,10,OK
1,ISA,1,Ascendente,20,cold,72,2,0.369842,1,0,0.038211,2,4,OK
1,ISA,1,Ascendente,20,cold,73,19,0.340678,1,0,0.040556,2,21,OK
1,ISA,1,Ascendente,20,cold,74,5,0.345827,1,0,0.038241,2,7,OK
1,ISA,1,Ascendente,20,cold,75,17,0.335879,1,0,0.037370,2,19,OK
1,ISA,1,Ascendente,20,cold,76,7,0.328845,1,0,0.038923,2,9,OK
1,ISA,1,Ascendente,20,cold,77,5,0.330207,1,0,0.037029,2,7,OK
1,ISA,1,Ascendente,20,cold,78,14,0.345025,1,0,0.034975,2,16,OK
1,ISA,1,Ascendente,20,cold,79,12,0.335077,1,0,0.039544,2,14,OK
1,ISA,1,Ascendente,20,cold,80,8,0.334125,1,0,0.041076,2,10,OK
1,ISA,1,Ascendente,20,cold,81,17,0.325950,1,0,0.037380,2,19,OK
1,ISA,1,Ascendente,20,cold,82,7,0.328685,1,0,0.038973,2,9,OK
1,ISA,1,Ascendente,20,cold,83,10,0.333874,1,0,0.035647,2,12,OK
1,ISA,1,Ascendente,20,cold,84,1,0.329536,1,0,0.036128,2,3,OK
1,ISA,1,Ascendente,20,cold,85,7,0.360394,1,0,0.035606,2,9,OK
1,ISA,1,Ascendente,20,cold,86,1,0.361817,1,0,0.039864,2,3,OK
1,ISA,1,Ascendente,20,cold,87,10,0.363159,1,0,0.036268,2,12,OK
1,ISA,1,Ascendente,20,cold,88,12,0.366605,1,0,0.037079,2,14,OK
1,ISA,1,Ascendente,20,cold,89,8,0.361025,1,0,0.035687,2,10,OK
1,ISA,1,Ascendente,20,cold,90,2,0.361086,1,0,0.037750,2,4,OK
1,ISA,1,Ascendente,20,cold,91,6,0.361998,1,0,0.041828,2,8,OK
1,ISA,1,Ascendente,20,cold,92,18,0.361817,1,0,0.043782,2,20,OK
1,ISA,1,Ascendente,20,cold,93,10,0.462575,1,0,0.051667,2,12,OK
1,ISA,1,Ascendente,20,cold,94,6,0.366356,1,0,0.040175,2,8,OK
1,ISA,1,Ascendente,20,cold,95,15,0.454561,1,0,0.038141,2,17,OK
1,ISA,1,Ascendente,20,cold,96,12,0.347230,1,0,0.040486,2,14,OK
1,ISA,1,Ascendente,20,cold,97,14,0.349534,1,0,0.039324,2,16,OK
1,ISA,1,Ascendente,20,cold,98,4,0.332191,1,0,0.035517,2,6,OK
1,ISA,1,Ascendente,20,cold,99,8,0.330368,1,0,0.039835,2,10,OK
1,ISA,1,Ascendente,20,cold,100,4,0.325930,1,0,0.037420,2,6,OK
1,ISA,1,Ascendente,2000,cold,1,505,5.966440,20,0,0.067917,5,10,OK
1,ISA,1,Ascendente,2000,cold,2,1525,1.292450,20,0,0.067426,6,31,OK
1,ISA,1,Ascendente,2000,cold,3,1149,1.343640,20,0,0.068449,5,54,OK
1,ISA,1,Ascendente,2000,cold,4,1103,1.194510,20,0,0.061486,5,8,OK
1,ISA,1,Ascendente,2000,cold,5,538,1.154160,20,0,0.060093,5,43,OK
1,ISA,1,Ascendente,2000,cold,6,1529,1.172630,20,0,0.061475,6,35,OK
1,ISA,1,Ascendente,2000,cold,7,1197,1.120580,20,0,0.060172,5,102,OK
1,ISA,1,Ascendente,2000,cold,8,877,1.085900,20,0,0.056786,6,83,OK
1,ISA,1,Ascendente,2000,cold,9,1838,1.244280,20,0,0.060613,6,44,OK
1,ISA,1,Ascendente,2000,cold,10,1195,1.282330,20,0,0.063790,5,100,OK
1,ISA,1,Ascendente,2000,cold,11,817,1.110910,20,0,0.063509,6,23,OK
1,ISA,1,Ascendente,2000,cold,12,741,1.138380,20,0,0.059521,6,47,OK
1,ISA,1,Ascendente,2000,cold,13,449,1.111500,20,0,0.070592,5,54,OK
1,ISA,1,Ascendente,2000,cold,14,283,1.275230,20,0,0.063920,6,89,OK
1,ISA,1,Ascendente,2000,cold,15,1043,1.078230,20,0,0.080720,5,48,OK
1,ISA,1,Ascendente,2000,cold,16,1010,1.302300,20,0,0.064741,5,15,OK
1,ISA,1,Ascendente,2000,cold,17,186,1.124410,20,0,0.061024,5,91,OK
1,ISA,1,Ascendente,2000,cold,18,1547,1.108750,20,0,0.062507,6,53,OK
1,ISA,1,Ascendente,2000,cold,19,96,1.097980,20,0,0.057467,5,101,OK
1,ISA,1,Ascendente,2000,cold,20,1763,1.059300,20,0,0.057027,5,68,OK
1,ISA,1,Ascendente,2000,cold,21,224,1.076350,20,0,0.062236,6,30,OK
1,ISA,1,Ascendente,2000,cold,22,313,1.136230,20,0,0.215653,6,19,OK
1,ISA,1,Ascendente,2000,cold,23,1285,1.223500,20,0,0.056536,6,91,OK
1,ISA,1,Ascendente,2000,cold,24,327,1.178750,20,0,0.062838,6,33,OK
1,ISA,1,Ascendente,2000,cold,25,1622,1.059110,20,0,0.057728,6,28,OK
1,ISA,1,Ascendente,2000,cold,26,1393,1.077050,20,0,0.058699,6,99,OK
1,ISA,1,Ascendente,2000,cold,27,864,1.085160,20,0,0.057427,6,70,OK
1,ISA,1,Ascendente,2000,cold,28,1221,1.096590,20,0,0.056556,6,27,OK
1,ISA,1,Ascendente,2000,cold,29,130,1.135660,20,0,0.064250,5,35,OK
1,ISA,1,Ascendente,2000,cold,30,788,1.103730,20,0,0.060734,6,94,OK
1,ISA,1,Ascendente,2000,cold,31,781,1.044100,20,0,0.056165,6,87,OK
1,ISA,1,Ascendente,2000,cold,32,1220,1.028470,20,0,0.053290,6,26,OK
1,ISA,1,Ascendente,2000,cold,33,958,1.097990,20,0,0.056436,5,63,OK
1,ISA,1,Ascendente,2000,cold,34,1083,1.049880,20,0,0.054411,5,88,OK
1,ISA,1,Ascendente,2000,cold,35,514,1.076810,20,0,0.058278,5,19,OK
1,ISA,1,Ascendente,2000,cold,36,1988,1.328650,20,0,0.055864,6,94,OK
1,ISA,1,Ascendente,2000,cold,37,1133,1.107400,20,0,0.055644,5,38,OK
1,ISA,1,Ascendente,2000,cold,38,1762,1.151790,20,0,0.054422,5,67,OK
1,ISA,1,Ascendente,2000,cold,39,1930,1.353580,20,0,0.063029,6,36,OK
1,ISA,1,Ascendente,2000,cold,40,23,1.093500,20,0,0.059511,5,28,OK
1,ISA,1,Ascendente,2000,cold,41,1393,1.317070,20,0,0.059621,6,99,OK
1,ISA,1,Ascendente,2000,cold,42,1476,1.088810,20,0,0.057408,5,81,OK
1,ISA,1,Ascendente,2000,cold,43,234,1.092860,20,0,0.058679,6,40,OK
1,ISA,1,Ascendente,2000,cold,44,1396,1.104860,20,0,0.056465,6,102,OK
1,ISA,1,Ascendente,2000,cold,45,1812,1.089890,20,0,0.058810,6,18,OK
1,ISA,1,Ascendente,2000,cold,46,1099,1.141010,20,0,0.061004,5,104,OK
1,ISA,1,Ascendente,2000,cold,47,1537,1.128010,20,0,0.077014,6,43,OK
1,ISA,1,Ascendente,2000,cold,48,546,1.102880,20,0,0.088816,5,51,OK
1,ISA,1,Ascendente,2000,cold,49,1574,1.241160,20,0,0.077495,6,80,OK
1,ISA,1,Ascendente,2000,cold,50,1312,1.176570,20,0,0.074429,6,18,OK
1,ISA,1,Ascendente,2000,cold,51,696,1.371670,20,0,0.060794,5,101,OK
1,ISA,1,Ascendente,2000,cold,52,228,1.200570,20,0,0.064060,6,34,OK
1,ISA,1,Ascendente,2000,cold,53,601,1.187640,20,0,0.060062,5,6,OK
1,ISA,1,Ascendente,2000,cold,54,890,1.131190,20,0,0.073207,6,96,OK
1,ISA,1,Ascendente,2000,cold,55,323,1.136210,20,0,0.077495,6,29,OK
1,ISA,1,Ascendente,2000,cold,56,929,1.416080,20,0,0.068287,5,34,OK
1,ISA,1,Ascendente,2000,cold,57,6,1.314550,20,0,0.069561,5,11,OK
1,ISA,1,Ascendente,2000,cold,58,1953,1.195210,20,0,0.063008,6,59,OK
1,ISA,1,Ascendente,2000,cold,59,1478,1.149350,20,0,0.051808,5,83,OK
1,ISA,1,Ascendente,2000,cold,60,1793,1.274040,20,0,0.063629,5,98,OK
1,ISA,1,Ascendente,2000,cold,61,1473,1.194270,20,0,0.061074,5,78,OK
1,ISA,1,Ascendente,2000,cold,62,539,1.224310,20,0,0.064200,5,44,OK
1,ISA,1,Ascendente,2000,cold,63,1990,1.183860,20,0,0.061225,6,96,OK
1,ISA,1,Ascendente,2000,cold,64,1025,1.384290,20,0,0.060633,5,30,OK
1,ISA,1,Ascendente,2000,cold,65,1560,1.245970,20,0,0.067437,6,66,OK
1,ISA,1,Ascendente,2000,cold,66,365,1.200680,20,0,0.062467,6,71,OK
1,ISA,1,Ascendente,2000,cold,67,1039,1.185450,20,0,0.063609,5,44,OK
1,ISA,1,Ascendente,2000,cold,68,1869,1.185190,20,0,0.061445,6,75,OK
1,ISA,1,Ascendente,2000,cold,69,217,1.154550,20,0,0.065072,6,23,OK
1,ISA,1,Ascendente,2000,cold,70,1782,1.372950,20,0,0.060914,5,87,OK
1,ISA,1,Ascendente,2000,cold,71,1280,1.266230,20,0,0.059872,6,86,OK
1,ISA,1,Ascendente,2000,cold,72,611,1.220560,20,0,0.060383,5,16,OK
1,ISA,1,Ascendente,2000,cold,73,1723,1.295040,20,0,0.058890,5,28,OK
1,ISA,1,Ascendente,2000,cold,74,1308,1.199270,20,0,0.063118,6,14,OK
1,ISA,1,Ascendente,2000,cold,75,1039,1.180590,20,0,0.059942,5,44,OK
1,ISA,1,Ascendente,2000,cold,76,1247,1.225500,20,0,0.060833,6,53,OK
1,ISA,1,Ascendente,2000,cold,77,407,1.173170,20,0,0.068097,5,12,OK
1,ISA,1,Ascendente,2000,cold,78,313,1.207560,20,0,0.071734,6,19,OK
1,ISA,1,Ascendente,2000,cold,79,765,1.311630,20,0,0.076032,6,71,OK
1,ISA,1,Ascendente,2000,cold,80,1561,1.206360,20,0,0.064631,6,67,OK
1,ISA,1,Ascendente,2000,cold,81,330,1.150660,20,0,0.062747,6,36,OK
1,ISA,1,Ascendente,2000,cold,82,1104,1.193280,20,0,0.078126,5,9,OK
1,ISA,1,Ascendente,2000,cold,83,1952,1.209410,20,0,0.062738,6,58,OK
1,ISA,1,Ascendente,2000,cold,84,1594,1.184900,20,0,0.080090,6,100,OK
1,ISA,1,Ascendente,2000,cold,85,1889,1.217890,20,0,0.062507,6,95,OK
1,ISA,1,Ascendente,2000,cold,86,1086,1.166170,20,0,0.063689,5,91,OK
1,ISA,1,Ascendente,2000,cold,87,1881,1.281810,20,0,0.064551,6,87,OK
1,ISA,1,Ascendente,2000,cold,88,1,1.232370,20,0,0.065352,5,6,OK
1,ISA,1,Ascendente,2000,cold,89,1226,1.304140,20,0,0.062067,6,32,OK
1,ISA,1,Ascendente,2000,cold,90,663,1.182600,20,0,0.065042,5,68,OK
1,ISA,1,Ascendente,2000,cold,91,1000,1.192200,20,0,0.062617,5,5,OK
1,ISA,1,Ascendente,2000,cold,92,39,1.174590,20,0,0.067456,5,44,OK
1,ISA,1,Ascendente,2000,cold,93,229,1.156180,20,0,0.066254,6,35,OK
1,ISA,1,Ascendente,2000,cold,94,1902,1.184910,20,0,0.065111,6,8,OK
1,ISA,1,Ascendente,2000,cold,95,743,1.232830,20,0,0.065703,6,49,OK
1,ISA,1,Ascendente,2000,cold,96,1799,1.233810,20,0,0.059852,5,104,OK
1,ISA,1,Ascendente,2000,cold,97,1703,1.291260,20,0,0.060343,5,8,OK
1,ISA,1,Ascendente,2000,cold,98,1652,1.175890,20,0,0.063538,6,58,OK
1,ISA,1,Ascendente,2000,cold,99,629,1.225040,20,0,0.067897,5,34,OK
1,ISA,1,Ascendente,2000,cold,100,490,1.454930,20,0,0.066555,5,95,OK
1,ISA,1,Ascendente,20000,cold,1,1898,48.068600,200,0,0.100889,9,107,OK
1,ISA,1,Ascendente,20000,cold,2,7892,9.566880,200,0,0.085309,9,101,OK
1,ISA,1,Ascendente,20000,cold,3,18591,9.146640,200,0,0.072645,9,100,OK
1,ISA,1,Ascendente,20000,cold,4,2580,8.784450,200,0,0.078296,9,89,OK
1,ISA,1,Ascendente,20000,cold,5,2806,8.686040,200,0,0.070943,9,15,OK
1,ISA,1,Ascendente,20000,cold,6,15924,8.706260,200,0,0.073528,9,33,OK
1,ISA,1,Ascendente,20000,cold,7,2267,8.706630,200,0,0.086132,9,76,OK
1,ISA,1,Ascendente,20000,cold,8,17455,8.448770,200,0,0.067326,8,63,OK
1,ISA,1,Ascendente,20000,cold,9,4120,8.413430,200,0,0.069701,9,29,OK
1,ISA,1,Ascendente,20000,cold,10,4207,8.956720,200,0,0.085270,8,15,OK
1,ISA,1,Ascendente,20000,cold,11,15574,8.723710,200,0,0.068689,8,82,OK
1,ISA,1,Ascendente,20000,cold,12,18015,8.631250,200,0,0.066214,8,23,OK
1,ISA,1,Ascendente,20000,cold,13,5410,8.392500,200,0,0.071364,9,19,OK
1,ISA,1,Ascendente,20000,cold,14,8685,8.393240,200,0,0.068328,8,93,OK
1,ISA,1,Ascendente,20000,cold,15,17290,8.281460,200,0,0.067045,9,99,OK
1,ISA,1,Ascendente,20000,cold,16,19876,8.298750,200,0,0.066325,9,85,OK
1,ISA,1,Ascendente,20000,cold,17,13865,8.354420,200,0,0.066415,9,74,OK
1,ISA,1,Ascendente,20000,cold,18,6940,8.138380,200,0,0.065623,9,49,OK
1,ISA,1,Ascendente,20000,cold,19,17671,8.228820,200,0,0.071554,9,80,OK
1,ISA,1,Ascendente,20000,cold,20,6591,8.800470,200,0,0.067967,9,100,OK
1,ISA,1,Ascendente,20000,cold,21,10214,8.232660,200,0,0.065853,8,22,OK
1,ISA,1,Ascendente,20000,cold,22,13074,9.077090,200,0,0.069220,8,82,OK
1,ISA,1,Ascendente,20000,cold,23,12236,8.603590,200,0,0.072095,9,45,OK
1,ISA,1,Ascendente,20000,cold,24,14355,8.481440,200,0,0.070892,9,64,OK
1,ISA,1,Ascendente,20000,cold,25,16959,9.107060,200,0,0.078376,9,68,OK
1,ISA,1,Ascendente,20000,cold,26,14794,9.129930,200,0,0.072345,9,103,OK
1,ISA,1,Ascendente,20000,cold,27,3965,8.568390,200,0,0.079860,8,73,OK
1,ISA,1,Ascendente,20000,cold,28,8123,8.957660,200,0,0.076824,9,32,OK
1,ISA,1,Ascendente,20000,cold,29,7362,8.551180,200,0,0.073187,9,71,OK
1,ISA,1,Ascendente,20000,cold,30,2098,9.098690,200,0,0.073828,9,107,OK
1,ISA,1,Ascendente,20000,cold,31,11078,9.016380,200,0,0.072535,9,87,OK
1,ISA,1,Ascendente,20000,cold,32,689,9.239150,200,0,0.096591,9,98,OK
1,ISA,1,Ascendente,20000,cold,33,19277,8.494860,200,0,0.069651,9,86,OK
1,ISA,1,Ascendente,20000,cold,34,18150,8.764350,200,0,0.070201,9,59,OK
1,ISA,1,Ascendente,20000,cold,35,7540,8.573430,200,0,0.071754,9,49,OK
1,ISA,1,Ascendente,20000,cold,36,19282,8.500790,200,0,0.069260,9,91,OK
1,ISA,1,Ascendente,20000,cold,37,7216,8.809000,200,0,0.068878,9,25,OK
1,ISA,1,Ascendente,20000,cold,38,235,8.736190,200,0,0.068167,8,43,OK
1,ISA,1,Ascendente,20000,cold,39,2326,8.569540,200,0,0.075010,9,35,OK
1,ISA,1,Ascendente,20000,cold,40,1929,8.745780,200,0,0.081954,9,38,OK
1,ISA,1,Ascendente,20000,cold,41,7501,8.447900,200,0,0.069650,9,10,OK
1,ISA,1,Ascendente,20000,cold,42,2208,8.325360,200,0,0.081001,9,17,OK
1,ISA,1,Ascendente,20000,cold,43,1029,8.417600,200,0,0.075782,9,38,OK
1,ISA,1,Ascendente,20000,cold,44,10827,8.567570,200,0,0.078787,8,35,OK
1,ISA,1,Ascendente,20000,cold,45,2321,8.717680,200,0,0.082274,9,30,OK
1,ISA,1,Ascendente,20000,cold,46,16847,8.439750,200,0,0.074550,9,56,OK
1,ISA,1,Ascendente,20000,cold,47,7798,9.216750,200,0,0.080141,8,106,OK
1,ISA,1,Ascendente,20000,cold,48,9125,9.055100,200,0,0.077645,9,34,OK
1,ISA,1,Ascendente,20000,cold,49,15906,8.611890,200,0,0.080290,9,15,OK
1,ISA,1,Ascendente,20000,cold,50,7020,9.215780,200,0,0.075842,9,29,OK
1,ISA,1,Ascendente,20000,cold,51,17669,9.460610,200,0,0.090390,9,78,OK
1,ISA,1,Ascendente,20000,cold,52,4335,9.401980,200,0,0.084598,9,44,OK
1,ISA,1,Ascendente,20000,cold,53,18711,8.908610,200,0,0.074620,8,19,OK
1,ISA,1,Ascendente,20000,cold,54,18881,9.325640,200,0,0.071654,9,90,OK
1,ISA,1,Ascendente,20000,cold,55,15488,8.697560,200,0,0.082003,9,97,OK
1,ISA,1,Ascendente,20000,cold,56,7962,9.752330,200,0,0.085059,9,71,OK
1,ISA,1,Ascendente,20000,cold,57,15498,9.860740,200,0,0.077986,9,107,OK
1,ISA,1,Ascendente,20000,cold,58,13338,9.447870,200,0,0.076394,8,46,OK
1,ISA,1,Ascendente,20000,cold,59,6239,10.034100,200,0,0.078046,9,48,OK
1,ISA,1,Ascendente,20000,cold,60,3090,9.390870,200,0,0.084859,8,98,OK
1,ISA,1,Ascendente,20000,cold,61,3176,9.217830,200,0,0.079449,9,85,OK
1,ISA,1,Ascendente,20000,cold,62,14124,9.485480,200,0,0.073257,9,33,OK
1,ISA,1,Ascendente,20000,cold,63,11609,9.025980,200,0,0.078858,9,18,OK
1,ISA,1,Ascendente,20000,cold,64,13879,10.178800,200,0,0.078296,9,88,OK
1,ISA,1,Ascendente,20000,cold,65,13470,9.342920,200,0,0.084789,9,79,OK
1,ISA,1,Ascendente,20000,cold,66,15303,9.208740,200,0,0.072967,9,12,OK
1,ISA,1,Ascendente,20000,cold,67,1775,8.626050,200,0,0.067286,8,83,OK
1,ISA,1,Ascendente,20000,cold,68,3224,8.702150,200,0,0.067958,9,33,OK
1,ISA,1,Ascendente,20000,cold,69,1986,8.316670,200,0,0.072496,9,95,OK
1,ISA,1,Ascendente,20000,cold,70,13193,8.708950,200,0,0.066765,9,102,OK
1,ISA,1,Ascendente,20000,cold,71,11118,8.114460,200,0,0.069900,8,26,OK
1,ISA,1,Ascendente,20000,cold,72,3580,8.308360,200,0,0.064811,9,89,OK
1,ISA,1,Ascendente,20000,cold,73,8147,8.075510,200,0,0.071674,9,56,OK
1,ISA,1,Ascendente,20000,cold,74,6278,8.259580,200,0,0.066054,9,87,OK
1,ISA,1,Ascendente,20000,cold,75,6232,8.867570,200,0,0.069890,9,41,OK
1,ISA,1,Ascendente,20000,cold,76,17573,8.063160,200,0,0.073327,9,82,OK
1,ISA,1,Ascendente,20000,cold,77,14700,8.530790,200,0,0.064892,9,9,OK
1,ISA,1,Ascendente,20000,cold,78,4593,8.491950,200,0,0.068368,9,102,OK
1,ISA,1,Ascendente,20000,cold,79,13824,8.194770,200,0,0.066585,9,33,OK
1,ISA,1,Ascendente,20000,cold,80,6012,8.018520,200,0,0.070733,9,21,OK
1,ISA,1,Ascendente,20000,cold,81,9127,8.894100,200,0,0.070642,9,36,OK
1,ISA,1,Ascendente,20000,cold,82,15159,8.619630,200,0,0.072115,9,68,OK
1,ISA,1,Ascendente,20000,cold,83,8185,8.627310,200,0,0.077625,9,94,OK
1,ISA,1,Ascendente,20000,cold,84,2470,8.057560,200,0,0.070442,8,78,OK
1,ISA,1,Ascendente,20000,cold,85,14520,8.081610,200,0,0.071765,9,29,OK
1,ISA,1,Ascendente,20000,cold,86,18033,8.834040,200,0,0.065502,8,41,OK
1,ISA,1,Ascendente,20000,cold,87,3208,8.221050,200,0,0.069169,9,17,OK
1,ISA,1,Ascendente,20000,cold,88,1657,8.414410,200,0,0.063729,9,66,OK
1,ISA,1,Ascendente,20000,cold,89,17713,8.646920,200,0,0.063429,8,21,OK
1,ISA,1,Ascendente,20000,cold,90,483,8.135990,200,0,0.088395,9,92,OK
1,ISA,1,Ascendente,20000,cold,91,3056,8.319400,200,0,0.080561,8,64,OK
1,ISA,1,Ascendente,20000,cold,92,7745,8.690930,200,0,0.065673,8,53,OK
1,ISA,1,Ascendente,20000,cold,93,5449,8.660300,200,0,0.068468,9,58,OK
1,ISA,1,Ascendente,20000,cold,94,13317,8.112590,200,0,0.064551,8,25,OK
1,ISA,1,Ascendente,20000,cold,95,15913,8.144740,200,0,0.066986,9,22,OK
1,ISA,1,Ascendente,20000,cold,96,15773,8.327760,200,0,0.068117,9,82,OK
1,ISA,1,Ascendente,20000,cold,97,7004,8.322330,200,0,0.070061,9,13,OK
1,ISA,1,Ascendente,20000,cold,98,13141,8.089360,200,0,0.067206,9,50,OK
1,ISA,1,Ascendente,20000,cold,99,1921,8.145380,200,0,0.067506,9,30,OK
1,ISA,1,Ascendente,20000,cold,100,5394,8.206710,200,0,0.075702,9,103,OK
1,ISA,1,Ascendente,200000,cold,1,99345,1891.860000,2000,0,0.095739,12,57,OK
1,ISA,1,Ascendente,200000,cold,2,565,83.337400,2000,0,0.088135,12,77,OK
1,ISA,1,Ascendente,200000,cold,3,102346,83.792500,2000,0,0.079509,12,58,OK
1,ISA,1,Ascendente,200000,cold,4,69521,79.506700,2000,0,0.084779,12,33,OK
1,ISA,1,Ascendente,200000,cold,5,119277,82.801300,2000,0,0.087684,12,89,OK
1,ISA,1,Ascendente,200000,cold,6,74776,79.820400,2000,0,0.083827,12,88,OK
1,ISA,1,Ascendente,200000,cold,7,110888,84.862300,2000,0,0.080621,12,100,OK
1,ISA,1,Ascendente,200000,cold,8,182607,83.484000,2000,0,0.077805,12,19,OK
1,ISA,1,Ascendente,200000,cold,9,191497,79.748400,2000,0,0.075571,12,109,OK
1,ISA,1,Ascendente,200000,cold,10,145691,83.621800,2000,0,0.091852,12,103,OK
1,ISA,1,Ascendente,200000,cold,11,173505,83.903700,2000,0,0.078517,12,17,OK
1,ISA,1,Ascendente,200000,cold,12,188326,79.215300,2000,0,0.082585,12,38,OK
1,ISA,1,Ascendente,200000,cold,13,127577,79.786800,2000,0,0.083506,12,89,OK
1,ISA,1,Ascendente,200000,cold,14,40579,79.512400,2000,0,0.080370,11,90,OK
1,ISA,1,Ascendente,200000,cold,15,49780,83.545300,2000,0,0.079859,12,92,OK
1,ISA,1,Ascendente,200000,cold,16,77780,79.170000,2000,0,0.080681,12,92,OK
1,ISA,1,Ascendente,200000,cold,17,57068,79.194400,2000,0,0.086792,12,80,OK
1,ISA,1,Ascendente,200000,cold,18,15331,83.480500,2000,0,0.078607,12,43,OK
1,ISA,1,Ascendente,200000,cold,19,151828,79.246300,2000,0,0.079990,12,40,OK
1,ISA,1,Ascendente,200000,cold,20,192869,78.790100,2000,0,0.075721,12,81,OK
1,ISA,1,Ascendente,200000,cold,21,142133,82.564800,2000,0,0.077815,12,45,OK
1,ISA,1,Ascendente,200000,cold,22,15979,79.536600,2000,0,0.081202,12,91,OK
1,ISA,1,Ascendente,200000,cold,23,196077,82.479300,2000,0,0.077635,12,89,OK
1,ISA,1,Ascendente,200000,cold,24,82209,80.406300,2000,0,0.080742,12,21,OK
1,ISA,1,Ascendente,200000,cold,25,14985,84.668900,2000,0,0.082364,12,97,OK
1,ISA,1,Ascendente,200000,cold,26,13144,83.347200,2000,0,0.080902,12,56,OK
1,ISA,1,Ascendente,200000,cold,27,153138,80.809500,2000,0,0.088486,12,50,OK
1,ISA,1,Ascendente,200000,cold,28,124987,79.340700,2000,0,0.094697,11,98,OK
1,ISA,1,Ascendente,200000,cold,29,131819,83.443100,2000,0,0.080100,12,31,OK
1,ISA,1,Ascendente,200000,cold,30,139231,79.542500,2000,0,0.080400,12,43,OK
1,ISA,1,Ascendente,200000,cold,31,41270,84.576400,2000,0,0.084769,12,82,OK
1,ISA,1,Ascendente,200000,cold,32,14910,86.030000,2000,0,0.081984,12,22,OK
1,ISA,1,Ascendente,200000,cold,33,133124,85.912500,2000,0,0.082384,12,36,OK
1,ISA,1,Ascendente,200000,cold,34,21000,81.639600,2000,0,0.082404,12,12,OK
1,ISA,1,Ascendente,200000,cold,35,48712,86.269700,2000,0,0.088886,12,24,OK
1,ISA,1,Ascendente,200000,cold,36,17962,82.277000,2000,0,0.082364,12,74,OK
1,ISA,1,Ascendente,200000,cold,37,155984,86.546100,2000,0,0.085691,12,96,OK
1,ISA,1,Ascendente,200000,cold,38,17815,84.855900,2000,0,0.084939,12,27,OK
1,ISA,1,Ascendente,200000,cold,39,177002,85.720200,2000,0,0.078447,12,14,OK
1,ISA,1,Ascendente,200000,cold,40,61657,82.678100,2000,0,0.082545,12,69,OK
1,ISA,1,Ascendente,200000,cold,41,105847,82.244600,2000,0,0.081953,12,59,OK
1,ISA,1,Ascendente,200000,cold,42,31427,86.505900,2000,0,0.081943,12,39,OK
1,ISA,1,Ascendente,200000,cold,43,149336,82.156700,2000,0,0.090570,12,48,OK
1,ISA,1,Ascendente,200000,cold,44,64543,86.657100,2000,0,0.096561,12,55,OK
1,ISA,1,Ascendente,200000,cold,45,151760,82.697700,2000,0,0.081683,12,72,OK
1,ISA,1,Ascendente,200000,cold,46,155849,82.276300,2000,0,0.085760,12,61,OK
1,ISA,1,Ascendente,200000,cold,47,10418,86.982100,2000,0,0.081843,12,30,OK
1,ISA,1,Ascendente,200000,cold,48,162367,85.944200,2000,0,0.090319,12,79,OK
1,ISA,1,Ascendente,200000,cold,49,21491,82.317800,2000,0,0.083877,12,103,OK
1,ISA,1,Ascendente,200000,cold,50,109897,82.481900,2000,0,0.082604,12,109,OK
1,ISA,1,Ascendente,200000,cold,51,172326,80.600300,2000,0,0.079649,12,38,OK
1,ISA,1,Ascendente,200000,cold,52,153006,81.161800,2000,0,0.095940,11,17,OK
1,ISA,1,Ascendente,200000,cold,53,148170,85.537900,2000,0,0.080631,12,82,OK
1,ISA,1,Ascendente,200000,cold,54,137044,86.892600,2000,0,0.087483,12,56,OK
1,ISA,1,Ascendente,200000,cold,55,82934,83.148600,2000,0,0.098935,12,46,OK
1,ISA,1,Ascendente,200000,cold,56,68358,84.281000,2000,0,0.089047,12,70,OK
1,ISA,1,Ascendente,200000,cold,57,53545,87.248100,2000,0,0.081112,12,57,OK
1,ISA,1,Ascendente,200000,cold,58,175564,84.084300,2000,0,0.085531,12,76,OK
1,ISA,1,Ascendente,200000,cold,59,187745,87.332400,2000,0,0.077936,12,57,OK
1,ISA,1,Ascendente,200000,cold,60,82361,87.322800,2000,0,0.086532,12,73,OK
1,ISA,1,Ascendente,200000,cold,61,62570,89.849800,2000,0,0.081773,12,82,OK
1,ISA,1,Ascendente,200000,cold,62,69629,85.353100,2000,0,0.096010,12,41,OK
1,ISA,1,Ascendente,200000,cold,63,103752,90.553100,2000,0,0.082645,12,64,OK
1,ISA,1,Ascendente,200000,cold,64,34308,82.869700,2000,0,0.084137,12,20,OK
1,ISA,1,Ascendente,200000,cold,65,176079,84.098700,2000,0,0.085901,12,91,OK
1,ISA,1,Ascendente,200000,cold,66,169214,88.911700,2000,0,0.081062,12,26,OK
1,ISA,1,Ascendente,200000,cold,67,78642,85.992400,2000,0,0.086512,12,54,OK
1,ISA,1,Ascendente,200000,cold,68,119858,85.247000,2000,0,0.082925,12,70,OK
1,ISA,1,Ascendente,200000,cold,69,82883,90.442300,2000,0,0.083346,12,95,OK
1,ISA,1,Ascendente,200000,cold,70,197096,85.218900,2000,0,0.082815,12,108,OK
1,ISA,1,Ascendente,200000,cold,71,19016,89.277400,2000,0,0.085380,12,28,OK
1,ISA,1,Ascendente,200000,cold,72,2441,90.244300,2000,0,0.089608,12,53,OK
1,ISA,1,Ascendente,200000,cold,73,120136,92.963300,2000,0,0.084588,12,48,OK
1,ISA,1,Ascendente,200000,cold,74,162833,86.153600,2000,0,0.081382,12,45,OK
1,ISA,1,Ascendente,200000,cold,75,147585,84.333800,2000,0,0.082745,12,97,OK
1,ISA,1,Ascendente,200000,cold,76,26209,90.179700,2000,0,0.085430,12,21,OK
1,ISA,1,Ascendente,200000,cold,77,19204,90.195300,2000,0,0.088816,12,16,OK
1,ISA,1,Ascendente,200000,cold,78,140937,85.733400,2000,0,0.082194,12,49,OK
1,ISA,1,Ascendente,200000,cold,79,55877,89.852100,2000,0,0.086221,12,89,OK
1,ISA,1,Ascendente,200000,cold,80,132614,90.310900,2000,0,0.087644,12,26,OK
1,ISA,1,Ascendente,200000,cold,81,69520,83.940900,2000,0,0.093034,12,32,OK
1,ISA,1,Ascendente,200000,cold,82,34722,87.310700,2000,0,0.095949,12,34,OK
1,ISA,1,Ascendente,200000,cold,83,91490,89.186300,2000,0,0.081432,12,102,OK
1,ISA,1,Ascendente,200000,cold,84,18033,88.594000,2000,0,0.092153,12,45,OK
1,ISA,1,Ascendente,200000,cold,85,64037,84.953600,2000,0,0.085320,12,49,OK
1,ISA,1,Ascendente,200000,cold,86,96869,88.012500,2000,0,0.095218,12,81,OK
1,ISA,1,Ascendente,200000,cold,87,74707,89.162300,2000,0,0.084187,12,19,OK
1,ISA,1,Ascendente,200000,cold,88,41352,81.977800,2000,0,0.083106,12,64,OK
1,ISA,1,Ascendente,200000,cold,89,114867,82.211100,2000,0,0.079649,12,79,OK
1,ISA,1,Ascendente,200000,cold,90,142401,81.447400,2000,0,0.083877,12,13,OK
1,ISA,1,Ascendente,200000,cold,91,184428,81.384500,2000,0,0.085930,12,40,OK
1,ISA,1,Ascendente,200000,cold,92,79303,88.477300,2000,0,0.083979,12,15,OK
1,ISA,1,Ascendente,200000,cold,93,160347,83.433900,2000,0,0.080983,12,59,OK
1,ISA,1,Ascendente,200000,cold,94,171435,83.993900,2000,0,0.081715,12,47,OK
1,ISA,1,Ascendente,200000,cold,95,138658,83.602100,2000,0,0.083789,12,70,OK
1,ISA,1,Ascendente,200000,cold,96,2050,91.242100,2000,0,0.086343,12,62,OK
1,ISA,1,Ascendente,200000,cold,97,175076,90.214400,2000,0,0.092736,12,88,OK
1,ISA,1,Ascendente,200000,cold,98,145385,91.206900,2000,0,0.085051,12,97,OK
1,ISA,1,Ascendente,200000,cold,99,78480,90.975700,2000,0,0.083898,12,92,OK
1,ISA,1,Ascendente,200000,cold,100,173903,86.365100,2000,0,0.083498,12,15,OK
1,ISA,1,Ascendente,2000000,cold,1,217236,17862.600000,20000,0,0.587900,15,51,OK
1,ISA,1,Ascendente,2000000,cold,2,1969078,17997.000000,20000,0,0.099146,15,93,OK
1,ISA,1,Ascendente,2000000,cold,3,1841565,17956.000000,20000,0,0.091973,16,81,OK
1,ISA,1,Ascendente,2000000,cold,4,281628,17995.500000,20000,0,0.763942,15,43,OK
1,ISA,1,Ascendente,2000000,cold,5,554625,17962.000000,20000,0,0.763638,15,40,OK
1,ISA,1,Ascendente,2000000,cold,6,242071,17972.800000,20000,0,0.556691,15,86,OK
1,ISA,1,Ascendente,2000000,cold,7,1865862,18003.000000,20000,0,0.088516,16,78,OK
1,ISA,1,Ascendente,2000000,cold,8,224470,17947.000000,20000,0,0.649186,15,85,OK
1,ISA,1,Ascendente,2000000,cold,9,1556960,17995.300000,20000,0,0.088365,15,75,OK
1,ISA,1,Ascendente,2000000,cold,10,1160194,17962.000000,20000,0,0.088615,15,109,OK
1,ISA,1,Ascendente,2000000,cold,11,325997,17976.100000,20000,0,1.280630,16,113,OK
1,ISA,1,Ascendente,2000000,cold,12,571155,17965.400000,20000,0,0.684670,15,70,OK
1,ISA,1,Ascendente,2000000,cold,13,590885,18003.800000,20000,0,3.206980,15,100,OK
1,ISA,1,Ascendente,2000000,cold,14,1268420,17922.200000,20000,0,0.093244,15,35,OK
1,ISA,1,Ascendente,2000000,cold,15,441722,17955.100000,20000,0,0.671556,15,37,OK
1,ISA,1,Ascendente,2000000,cold,16,1504941,17954.600000,20000,0,0.087434,15,56,OK
1,ISA,1,Ascendente,2000000,cold,17,719072,17988.300000,20000,0,0.629528,15,87,OK
1,ISA,1,Ascendente,2000000,cold,18,426974,17956.600000,20000,0,0.580255,16,90,OK
1,ISA,1,Ascendente,2000000,cold,19,1441785,17942.300000,20000,0,0.092744,15,100,OK
1,ISA,1,Ascendente,2000000,cold,20,1330093,17951.800000,20000,0,0.086562,15,108,OK
1,ISA,1,Ascendente,2000000,cold,21,1788687,17946.400000,20000,0,0.093234,15,102,OK
1,ISA,1,Ascendente,2000000,cold,22,553614,17942.100000,20000,0,0.704278,15,29,OK
1,ISA,1,Ascendente,2000000,cold,23,1059919,17950.200000,20000,0,0.096420,15,34,OK
1,ISA,1,Ascendente,2000000,cold,24,1024525,17988.100000,20000,0,0.089638,16,41,OK
1,ISA,1,Ascendente,2000000,cold,25,526639,17955.100000,20000,0,0.889528,16,55,OK
1,ISA,1,Ascendente,2000000,cold,26,1898628,17939.400000,20000,0,0.097322,15,43,OK
1,ISA,1,Ascendente,2000000,cold,27,1904547,17951.400000,20000,0,0.105768,16,63,OK
1,ISA,1,Ascendente,2000000,cold,28,1774408,17945.400000,20000,0,0.087755,15,23,OK
1,ISA,1,Ascendente,2000000,cold,29,106533,17947.700000,20000,0,0.090089,16,49,OK
1,ISA,1,Ascendente,2000000,cold,30,193563,17901.500000,20000,0,0.097753,16,79,OK
1,ISA,1,Ascendente,2000000,cold,31,1330190,17900.000000,20000,0,0.250879,15,105,OK
1,ISA,1,Ascendente,2000000,cold,32,888302,17940.400000,20000,0,0.092934,16,18,OK
1,ISA,1,Ascendente,2000000,cold,33,1739269,17936.100000,20000,0,0.089067,15,84,OK
1,ISA,1,Ascendente,2000000,cold,34,580240,17900.100000,20000,0,0.553937,16,56,OK
1,ISA,1,Ascendente,2000000,cold,35,92456,17910.100000,20000,0,0.092674,16,72,OK
1,ISA,1,Ascendente,2000000,cold,36,7435,17940.100000,20000,0,0.091612,15,50,OK
1,ISA,1,Ascendente,2000000,cold,37,699518,17933.400000,20000,0,0.090510,15,33,OK
1,ISA,1,Ascendente,2000000,cold,38,1617154,17923.600000,20000,0,0.101821,15,69,OK
1,ISA,1,Ascendente,2000000,cold,39,274348,17937.100000,20000,0,0.622335,15,63,OK
1,ISA,1,Ascendente,2000000,cold,40,1336123,17942.500000,20000,0,0.086332,15,38,OK
1,ISA,1,Ascendente,2000000,cold,41,549360,17980.800000,20000,0,0.816637,15,75,OK
1,ISA,1,Ascendente,2000000,cold,42,338861,17913.700000,20000,0,0.666095,15,76,OK
1,ISA,1,Ascendente,2000000,cold,43,1554473,17951.800000,20000,0,0.092533,16,89,OK
1,ISA,1,Ascendente,2000000,cold,44,926596,17900.100000,20000,0,0.088896,15,111,OK
1,ISA,1,Ascendente,2000000,cold,45,1156957,17949.700000,20000,0,0.090660,16,73,OK
1,ISA,1,Ascendente,2000000,cold,46,1479891,17910.900000,20000,0,0.092222,15,106,OK
1,ISA,1,Ascendente,2000000,cold,47,896924,17880.800000,20000,0,0.090770,15,39,OK
1,ISA,1,Ascendente,2000000,cold,48,1176306,17946.400000,20000,0,0.092853,16,22,OK
1,ISA,1,Ascendente,2000000,cold,49,20278,17906.300000,20000,0,0.093244,16,94,OK
1,ISA,1,Ascendente,2000000,cold,50,234616,17989.500000,20000,0,0.648834,15,31,OK
1,ISA,1,Ascendente,2000000,cold,51,157797,17964.000000,20000,0,0.097933,15,112,OK
1,ISA,1,Ascendente,2000000,cold,52,1981915,17985.300000,20000,0,0.089538,15,30,OK
1,ISA,1,Ascendente,2000000,cold,53,1852008,17948.400000,20000,0,0.088906,15,23,OK
1,ISA,1,Ascendente,2000000,cold,54,1449173,17916.000000,20000,0,0.103854,15,88,OK
1,ISA,1,Ascendente,2000000,cold,55,1895675,17830.100000,20000,0,0.091060,16,91,OK
1,ISA,1,Ascendente,2000000,cold,56,312589,17940.900000,20000,0,0.587308,15,104,OK
1,ISA,1,Ascendente,2000000,cold,57,1144185,17905.400000,20000,0,0.096821,15,100,OK
1,ISA,1,Ascendente,2000000,cold,58,75556,17945.200000,20000,0,0.109194,15,71,OK
1,ISA,1,Ascendente,2000000,cold,59,1750272,17895.200000,20000,0,0.091100,15,87,OK
1,ISA,1,Ascendente,2000000,cold,60,774302,17895.900000,20000,0,0.092403,15,17,OK
1,ISA,1,Ascendente,2000000,cold,61,1221611,17896.200000,20000,0,0.093174,15,26,OK
1,ISA,1,Ascendente,2000000,cold,62,1158729,17950.800000,20000,0,0.091742,15,44,OK
1,ISA,1,Ascendente,2000000,cold,63,310575,17898.800000,20000,0,0.878403,15,90,OK
1,ISA,1,Ascendente,2000000,cold,64,901328,17953.000000,20000,0,0.089638,15,43,OK
1,ISA,1,Ascendente,2000000,cold,65,267272,17929.500000,20000,0,0.610944,16,88,OK
1,ISA,1,Ascendente,2000000,cold,66,87721,17906.400000,20000,0,0.095699,15,36,OK
1,ISA,1,Ascendente,2000000,cold,67,646464,17954.600000,20000,0,0.087504,15,79,OK
1,ISA,1,Ascendente,2000000,cold,68,764729,17885.700000,20000,0,0.088386,15,44,OK
1,ISA,1,Ascendente,2000000,cold,69,1885300,17908.300000,20000,0,0.089848,15,15,OK
1,ISA,1,Ascendente,2000000,cold,70,1956827,17887.400000,20000,0,0.090729,16,43,OK
1,ISA,1,Ascendente,2000000,cold,71,1669589,17900.300000,20000,0,0.096971,16,105,OK
1,ISA,1,Ascendente,2000000,cold,72,1805024,17884.900000,20000,0,0.098574,15,39,OK
1,ISA,1,Ascendente,2000000,cold,73,83665,17913.500000,20000,0,0.106379,16,81,OK
1,ISA,1,Ascendente,2000000,cold,74,1885181,17941.100000,20000,0,0.085210,15,96,OK
1,ISA,1,Ascendente,2000000,cold,75,750380,17845.300000,20000,0,0.095719,15,95,OK
1,ISA,1,Ascendente,2000000,cold,76,440562,17945.100000,20000,0,0.626172,15,77,OK
1,ISA,1,Ascendente,2000000,cold,77,1430397,17906.100000,20000,0,0.091250,16,113,OK
1,ISA,1,Ascendente,2000000,cold,78,523301,17936.500000,20000,0,0.087424,15,16,OK
1,ISA,1,Ascendente,2000000,cold,79,1398660,17853.900000,20000,0,0.101139,15,75,OK
1,ISA,1,Ascendente,2000000,cold,80,215573,17888.600000,20000,0,0.605673,16,89,OK
1,ISA,1,Ascendente,2000000,cold,81,741717,17898.300000,20000,0,0.103393,15,32,OK
1,ISA,1,Ascendente,2000000,cold,82,1636022,17868.600000,20000,0,0.090479,16,38,OK
1,ISA,1,Ascendente,2000000,cold,83,1174160,17885.300000,20000,0,0.100418,15,75,OK
1,ISA,1,Ascendente,2000000,cold,84,1854164,17860.800000,20000,0,0.094036,16,80,OK
1,ISA,1,Ascendente,2000000,cold,85,1834405,17936.300000,20000,0,0.115787,15,20,OK
1,ISA,1,Ascendente,2000000,cold,86,852235,17955.500000,20000,0,0.095278,16,51,OK
1,ISA,1,Ascendente,2000000,cold,87,1301621,17887.500000,20000,0,0.100768,15,36,OK
1,ISA,1,Ascendente,2000000,cold,88,1571768,17886.800000,20000,0,0.086662,15,83,OK
1,ISA,1,Ascendente,2000000,cold,89,324121,17849.700000,20000,0,0.538578,15,36,OK
1,ISA,1,Ascendente,2000000,cold,90,1941467,17891.800000,20000,0,0.094287,15,82,OK
1,ISA,1,Ascendente,2000000,cold,91,1950101,17921.500000,20000,0,0.090149,15,16,OK
1,ISA,1,Ascendente,2000000,cold,92,496474,17938.600000,20000,0,0.098113,15,89,OK
1,ISA,1,Ascendente,2000000,cold,93,1813209,17889.300000,20000,0,0.101099,16,25,OK
1,ISA,1,Ascendente,2000000,cold,94,340790,17807.100000,20000,0,0.582771,15,105,OK
1,ISA,1,Ascendente,2000000,cold,95,1677484,17898.400000,20000,0,0.090910,16,100,OK
1,ISA,1,Ascendente,2000000,cold,96,1700311,17896.200000,20000,0,0.090109,16,27,OK
1,ISA,1,Ascendente,2000000,cold,97,371305,17851.800000,20000,0,0.103102,16,21,OK
1,ISA,1,Ascendente,2000000,cold,98,1848463,17836.400000,20000,0,0.088826,15,78,OK
1,ISA,1,Ascendente,2000000,cold,99,864644,17851.100000,20000,0,0.092754,15,59,OK
1,ISA,1,Ascendente,2000000,cold,100,51980,17909.100000,20000,0,0.093816,16,96,OK
1,ISA,1,Ascendente,20,warm,1,10,0.024376,1,0,0.280144,2,12,OK
1,ISA,1,Ascendente,20,warm,2,13,0.020849,1,0,0.280404,2,15,OK
1,ISA,1,Ascendente,20,warm,3,7,0.025417,1,0,0.280706,2,9,OK
1,ISA,1,Ascendente,20,warm,4,8,0.019757,1,0,0.306273,2,10,OK
1,ISA,1,Ascendente,20,warm,5,5,0.019166,1,0,0.281106,2,7,OK
1,ISA,1,Ascendente,20,warm,6,3,0.019426,1,0,0.286857,2,5,OK
1,ISA,1,Ascendente,20,warm,7,12,0.019195,1,0,0.281146,2,14,OK
1,ISA,1,Ascendente,20,warm,8,1,0.020919,1,0,0.285584,2,3,OK
1,ISA,1,Ascendente,20,warm,9,15,0.022121,1,0,0.277610,2,17,OK
1,ISA,1,Ascendente,20,warm,10,7,0.021530,1,0,0.301364,2,9,OK
1,ISA,1,Ascendente,20,warm,11,6,0.021150,1,0,0.282107,2,8,OK
1,ISA,1,Ascendente,20,warm,12,14,0.021360,1,0,0.279883,2,16,OK
1,ISA,1,Ascendente,20,warm,13,11,0.021060,1,0,0.285584,2,13,OK
1,ISA,1,Ascendente,20,warm,14,9,0.024466,1,0,0.277850,2,11,OK
1,ISA,1,Ascendente,20,warm,15,7,0.019426,1,0,0.278701,2,9,OK
1,ISA,1,Ascendente,20,warm,16,7,0.019467,1,0,0.382375,2,9,OK
1,ISA,1,Ascendente,20,warm,17,0,0.021621,1,0,0.303127,2,2,OK
1,ISA,1,Ascendente,20,warm,18,6,0.021330,1,0,0.283961,2,8,OK
1,ISA,1,Ascendente,20,warm,19,12,0.021070,1,0,0.279253,2,14,OK
1,ISA,1,Ascendente,20,warm,20,10,0.019887,1,0,0.279503,2,12,OK
1,ISA,1,Ascendente,20,warm,21,8,0.021320,1,0,0.276827,2,10,OK
1,ISA,1,Ascendente,20,warm,22,2,0.020909,1,0,0.304750,2,4,OK
1,ISA,1,Ascendente,20,warm,23,8,0.021090,1,0,0.297637,2,10,OK
1,ISA,1,Ascendente,20,warm,24,11,0.021500,1,0,0.282128,2,13,OK
1,ISA,1,Ascendente,20,warm,25,16,0.025578,1,0,0.278721,2,18,OK
1,ISA,1,Ascendente,20,warm,26,12,0.021451,1,0,0.284182,2,14,OK
1,ISA,1,Ascendente,20,warm,27,17,0.021480,1,0,0.279263,2,19,OK
1,ISA,1,Ascendente,20,warm,28,10,0.038131,1,0,0.280325,2,12,OK
1,ISA,1,Ascendente,20,warm,29,0,0.021680,1,0,0.404196,2,2,OK
1,ISA,1,Ascendente,20,warm,30,3,0.019587,1,0,0.302656,2,5,OK
1,ISA,1,Ascendente,20,warm,31,8,0.019506,1,0,0.284994,2,10,OK
1,ISA,1,Ascendente,20,warm,32,5,0.021531,1,0,0.281948,2,7,OK
1,ISA,1,Ascendente,20,warm,33,18,0.021290,1,0,0.283119,2,20,OK
1,ISA,1,Ascendente,20,warm,34,8,0.022042,1,0,0.286507,2,10,OK
1,ISA,1,Ascendente,20,warm,35,1,0.021410,1,0,0.298900,2,3,OK
1,ISA,1,Ascendente,20,warm,36,3,0.021490,1,0,0.280155,2,5,OK
1,ISA,1,Ascendente,20,warm,37,19,0.021560,1,0,0.282419,2,21,OK
1,ISA,1,Ascendente,20,warm,38,13,0.021561,1,0,0.283391,2,15,OK
1,ISA,1,Ascendente,20,warm,39,11,0.020959,1,0,0.280915,2,13,OK
1,ISA,1,Ascendente,20,warm,40,10,0.021490,1,0,0.282779,2,12,OK
1,ISA,1,Ascendente,20,warm,41,13,0.021520,1,0,0.305442,2,15,OK
1,ISA,1,Ascendente,20,warm,42,19,0.021300,1,0,0.290954,2,21,OK
1,ISA,1,Ascendente,20,warm,43,16,0.024896,1,0,0.278791,2,18,OK
1,ISA,1,Ascendente,20,warm,44,3,0.021140,1,0,0.281126,2,5,OK
1,ISA,1,Ascendente,20,warm,45,12,0.021350,1,0,0.288580,2,14,OK
1,ISA,1,Ascendente,20,warm,46,18,0.021119,1,0,0.282499,2,20,OK
1,ISA,1,Ascendente,20,warm,47,6,0.037781,1,0,0.285905,2,8,OK
1,ISA,1,Ascendente,20,warm,48,8,0.019687,1,0,0.301224,2,10,OK
1,ISA,1,Ascendente,20,warm,49,1,0.021119,1,0,0.278271,2,3,OK
1,ISA,1,Ascendente,20,warm,50,13,0.021190,1,0,0.278772,2,15,OK
1,ISA,1,Ascendente,20,warm,51,0,0.023655,1,0,0.298689,2,2,OK
1,ISA,1,Ascendente,20,warm,52,16,0.020028,1,0,0.290604,2,18,OK
1,ISA,1,Ascendente,20,warm,53,17,0.021571,1,0,0.281536,2,19,OK
1,ISA,1,Ascendente,20,warm,54,6,0.021590,1,0,0.278240,2,8,OK
1,ISA,1,Ascendente,20,warm,55,11,0.021309,1,0,0.422981,2,13,OK
1,ISA,1,Ascendente,20,warm,56,13,0.021600,1,0,0.313788,2,15,OK
1,ISA,1,Ascendente,20,warm,57,2,0.021450,1,0,0.302867,2,4,OK
1,ISA,1,Ascendente,20,warm,58,10,0.021941,1,0,0.280995,2,12,OK
1,ISA,1,Ascendente,20,warm,59,19,0.021480,1,0,0.277469,2,21,OK
1,ISA,1,Ascendente,20,warm,60,10,0.019657,1,0,0.282078,2,12,OK
1,ISA,1,Ascendente,20,warm,61,3,0.022112,1,0,0.278241,2,5,OK
1,ISA,1,Ascendente,20,warm,62,9,0.021270,1,0,0.301895,2,11,OK
1,ISA,1,Ascendente,20,warm,63,16,0.021289,1,0,0.279162,2,18,OK
1,ISA,1,Ascendente,20,warm,64,9,0.019788,1,0,0.287858,2,11,OK
1,ISA,1,Ascendente,20,warm,65,13,0.021420,1,0,0.279984,2,15,OK
1,ISA,1,Ascendente,20,warm,66,10,0.021410,1,0,0.284052,2,12,OK
1,ISA,1,Ascendente,20,warm,67,12,0.021049,1,0,0.284051,2,14,OK
1,ISA,1,Ascendente,20,warm,68,9,0.024977,1,0,0.280665,2,11,OK
1,ISA,1,Ascendente,20,warm,69,17,0.021400,1,0,0.300623,2,19,OK
1,ISA,1,Ascendente,20,warm,70,4,0.019727,1,0,0.298599,2,6,OK
1,ISA,1,Ascendente,20,warm,71,6,0.019176,1,0,0.279854,2,8,OK
1,ISA,1,Ascendente,20,warm,72,13,0.024896,1,0,0.277600,2,15,OK
1,ISA,1,Ascendente,20,warm,73,12,0.019496,1,0,0.284122,2,14,OK
1,ISA,1,Ascendente,20,warm,74,5,0.021100,1,0,0.281026,2,7,OK
1,ISA,1,Ascendente,20,warm,75,19,0.021169,1,0,0.302215,2,21,OK
1,ISA,1,Ascendente,20,warm,76,18,0.020949,1,0,0.328565,2,20,OK
1,ISA,1,Ascendente,20,warm,77,9,0.020749,1,0,0.296915,2,11,OK
1,ISA,1,Ascendente,20,warm,78,12,0.021229,1,0,0.277179,2,14,OK
1,ISA,1,Ascendente,20,warm,79,17,0.021460,1,0,0.281436,2,19,OK
1,ISA,1,Ascendente,20,warm,80,0,0.020980,1,0,0.276939,2,2,OK
1,ISA,1,Ascendente,20,warm,81,9,0.021129,1,0,0.381674,2,11,OK
1,ISA,1,Ascendente,20,warm,82,9,0.020969,1,0,0.294972,2,11,OK
1,ISA,1,Ascendente,20,warm,83,6,0.021130,1,0,0.276438,2,8,OK
1,ISA,1,Ascendente,20,warm,84,13,0.021380,1,0,0.279984,2,15,OK
1,ISA,1,Ascendente,20,warm,85,18,0.021180,1,0,0.284182,2,20,OK
1,ISA,1,Ascendente,20,warm,86,19,0.021521,1,0,0.281356,2,21,OK
1,ISA,1,Ascendente,20,warm,87,10,0.021139,1,0,0.299340,2,12,OK
1,ISA,1,Ascendente,20,warm,88,14,0.021701,1,0,0.277439,2,16,OK
1,ISA,1,Ascendente,20,warm,89,14,0.021159,1,0,0.276578,2,16,OK
1,ISA,1,Ascendente,20,warm,90,14,0.021570,1,0,0.276858,2,16,OK
1,ISA,1,Ascendente,20,warm,91,6,0.021420,1,0,0.278351,2,8,OK
1,ISA,1,Ascendente,20,warm,92,16,0.019897,1,0,0.283120,2,18,OK
1,ISA,1,Ascendente,20,warm,93,15,0.021671,1,0,0.297426,2,17,OK
1,ISA,1,Ascendente,20,warm,94,5,0.021090,1,0,0.424764,2,7,OK
1,ISA,1,Ascendente,20,warm,95,2,0.021981,1,0,0.320079,2,4,OK
1,ISA,1,Ascendente,20,warm,96,9,0.028944,1,0,0.316481,2,11,OK
1,ISA,1,Ascendente,20,warm,97,16,0.021961,1,0,0.311483,2,18,OK
1,ISA,1,Ascendente,20,warm,98,19,0.022202,1,0,0.323585,2,21,OK
1,ISA,1,Ascendente,20,warm,99,10,0.022381,1,0,0.313357,2,12,OK
1,ISA,1,Ascendente,20,warm,100,2,0.021771,1,0,0.324477,2,4,OK
1,ISA,1,Ascendente,2000,warm,1,1949,0.025798,1,0,0.323606,6,55,OK
1,ISA,1,Ascendente,2000,warm,2,1538,0.021610,1,0,0.327343,6,44,OK
1,ISA,1,Ascendente,2000,warm,3,481,0.021691,1,0,0.332582,5,86,OK
1,ISA,1,Ascendente,2000,warm,4,1377,0.021811,1,0,0.311653,6,83,OK
1,ISA,1,Ascendente,2000,warm,5,635,0.021470,1,0,0.306113,5,40,OK
1,ISA,1,Ascendente,2000,warm,6,460,0.021290,1,0,0.314539,5,65,OK
1,ISA,1,Ascendente,2000,warm,7,1651,0.021530,1,0,0.323775,6,57,OK
1,ISA,1,Ascendente,2000,warm,8,407,0.019296,1,0,0.342300,5,12,OK
1,ISA,1,Ascendente,2000,warm,9,301,0.021280,1,0,0.340456,6,7,OK
1,ISA,1,Ascendente,2000,warm,10,50,0.023043,1,0,0.336620,5,55,OK
1,ISA,1,Ascendente,2000,warm,11,94,0.019436,1,0,0.329817,5,99,OK
1,ISA,1,Ascendente,2000,warm,12,501,0.021220,1,0,0.332472,5,6,OK
1,ISA,1,Ascendente,2000,warm,13,973,0.020969,1,0,0.311543,5,78,OK
1,ISA,1,Ascendente,2000,warm,14,1251,0.019507,1,0,0.309879,6,57,OK
1,ISA,1,Ascendente,2000,warm,15,1740,0.023885,1,0,0.315570,5,45,OK
1,ISA,1,Ascendente,2000,warm,16,1573,0.021189,1,0,0.314990,6,79,OK
1,ISA,1,Ascendente,2000,warm,17,149,0.021651,1,0,0.308687,5,54,OK
1,ISA,1,Ascendente,2000,warm,18,932,0.039715,1,0,0.311002,5,37,OK
1,ISA,1,Ascendente,2000,warm,19,848,0.019797,1,0,0.347209,6,54,OK
1,ISA,1,Ascendente,2000,warm,20,1814,0.019597,1,0,0.334686,6,20,OK
1,ISA,1,Ascendente,2000,warm,21,1289,0.021480,1,0,0.310120,6,95,OK
1,ISA,1,Ascendente,2000,warm,22,1178,0.021981,1,0,0.334686,5,83,OK
1,ISA,1,Ascendente,2000,warm,23,398,0.020930,1,0,0.321592,6,104,OK
1,ISA,1,Ascendente,2000,warm,24,1471,0.021170,1,0,0.318576,5,76,OK
1,ISA,1,Ascendente,2000,warm,25,1426,0.021550,1,0,0.314488,5,31,OK
1,ISA,1,Ascendente,2000,warm,26,786,0.024717,1,0,0.311983,6,92,OK
1,ISA,1,Ascendente,2000,warm,27,1012,0.021200,1,0,0.337631,5,17,OK
1,ISA,1,Ascendente,2000,warm,28,818,0.021300,1,0,0.347470,6,24,OK
1,ISA,1,Ascendente,2000,warm,29,499,0.020408,1,0,0.345697,5,104,OK
1,ISA,1,Ascendente,2000,warm,30,302,0.021480,1,0,0.353421,6,8,OK
1,ISA,1,Ascendente,2000,warm,31,1343,0.021340,1,0,0.310781,6,49,OK
1,ISA,1,Ascendente,2000,warm,32,1408,0.025157,1,0,0.383077,5,13,OK
1,ISA,1,Ascendente,2000,warm,33,11,0.021550,1,0,0.330869,5,16,OK
1,ISA,1,Ascendente,2000,warm,34,1828,0.020979,1,0,0.318977,6,34,OK
1,ISA,1,Ascendente,2000,warm,35,1537,0.021280,1,0,0.322443,6,43,OK
1,ISA,1,Ascendente,2000,warm,36,1762,0.020929,1,0,0.316633,5,67,OK
1,ISA,1,Ascendente,2000,warm,37,1577,0.020067,1,0,0.310752,6,83,OK
1,ISA,1,Ascendente,2000,warm,38,1813,0.021330,1,0,0.320680,6,19,OK
1,ISA,1,Ascendente,2000,warm,39,218,0.019767,1,0,0.336830,6,24,OK
1,ISA,1,Ascendente,2000,warm,40,1594,0.020749,1,0,0.347070,6,100,OK
1,ISA,1,Ascendente,2000,warm,41,870,0.020358,1,0,0.340657,6,76,OK
1,ISA,1,Ascendente,2000,warm,42,448,0.021250,1,0,0.341028,5,53,OK
1,ISA,1,Ascendente,2000,warm,43,360,0.020438,1,0,0.318887,6,66,OK
1,ISA,1,Ascendente,2000,warm,44,1646,0.021761,1,0,0.337792,6,52,OK
1,ISA,1,Ascendente,2000,warm,45,1961,0.024997,1,0,0.353020,6,67,OK
1,ISA,1,Ascendente,2000,warm,46,1425,0.022492,1,0,0.331611,5,30,OK
1,ISA,1,Ascendente,2000,warm,47,1060,0.019747,1,0,0.310632,5,65,OK
1,ISA,1,Ascendente,2000,warm,48,951,0.019517,1,0,0.308326,5,56,OK
1,ISA,1,Ascendente,2000,warm,49,102,0.021680,1,0,0.312565,5,7,OK
1,ISA,1,Ascendente,2000,warm,50,1141,0.025438,1,0,0.307916,5,46,OK
1,ISA,1,Ascendente,2000,warm,51,510,0.021991,1,0,0.313326,5,15,OK
1,ISA,1,Ascendente,2000,warm,52,1878,0.021260,1,0,0.333985,6,84,OK
1,ISA,1,Ascendente,2000,warm,53,1737,0.019687,1,0,0.378789,5,42,OK
1,ISA,1,Ascendente,2000,warm,54,248,0.021561,1,0,0.311222,6,54,OK
1,ISA,1,Ascendente,2000,warm,55,934,0.021330,1,0,0.341339,5,39,OK
1,ISA,1,Ascendente,2000,warm,56,273,0.021190,1,0,0.318126,6,79,OK
1,ISA,1,Ascendente,2000,warm,57,1641,0.019768,1,0,0.307706,6,47,OK
1,ISA,1,Ascendente,2000,warm,58,951,0.021620,1,0,0.302045,5,56,OK
1,ISA,1,Ascendente,2000,warm,59,1367,0.021730,1,0,0.312645,6,73,OK
1,ISA,1,Ascendente,2000,warm,60,1087,0.021430,1,0,0.330278,5,92,OK
1,ISA,1,Ascendente,2000,warm,61,1144,0.021611,1,0,0.347260,5,49,OK
1,ISA,1,Ascendente,2000,warm,62,1219,0.021280,1,0,0.334586,6,25,OK
1,ISA,1,Ascendente,2000,warm,63,649,0.021370,1,0,0.308337,5,54,OK
1,ISA,1,Ascendente,2000,warm,64,1945,0.021701,1,0,0.312004,6,51,OK
1,ISA,1,Ascendente,2000,warm,65,1546,0.025187,1,0,0.309810,6,52,OK
1,ISA,1,Ascendente,2000,warm,66,1825,0.021561,1,0,0.317103,6,31,OK
1,ISA,1,Ascendente,2000,warm,67,906,0.041428,1,0,0.304720,5,11,OK
1,ISA,1,Ascendente,2000,warm,68,1254,0.021520,1,0,0.367848,6,60,OK
1,ISA,1,Ascendente,2000,warm,69,1669,0.019396,1,0,0.337732,6,75,OK
1,ISA,1,Ascendente,2000,warm,70,1473,0.021400,1,0,0.317935,5,78,OK
1,ISA,1,Ascendente,2000,warm,71,1826,0.021430,1,0,0.310441,6,32,OK
1,ISA,1,Ascendente,2000,warm,72,1033,0.019587,1,0,0.308788,5,38,OK
1,ISA,1,Ascendente,2000,warm,73,873,0.021350,1,0,0.315671,6,79,OK
1,ISA,1,Ascendente,2000,warm,74,1701,0.057307,1,0,0.315320,5,6,OK
1,ISA,1,Ascendente,2000,warm,75,1857,0.021029,1,0,0.328274,6,63,OK
1,ISA,1,Ascendente,2000,warm,76,1122,0.020839,1,0,0.341348,5,27,OK
1,ISA,1,Ascendente,2000,warm,77,913,0.019366,1,0,0.314469,5,18,OK
1,ISA,1,Ascendente,2000,warm,78,1837,0.021520,1,0,0.304951,6,43,OK
1,ISA,1,Ascendente,2000,warm,79,325,0.019706,1,0,0.311302,6,31,OK
1,ISA,1,Ascendente,2000,warm,80,1523,0.024957,1,0,0.308056,6,29,OK
1,ISA,1,Ascendente,2000,warm,81,1764,0.022071,1,0,0.312074,5,69,OK
1,ISA,1,Ascendente,2000,warm,82,972,0.021630,1,0,0.327954,5,77,OK
1,ISA,1,Ascendente,2000,warm,83,921,0.021280,1,0,0.339525,5,26,OK
1,ISA,1,Ascendente,2000,warm,84,530,0.019436,1,0,0.321361,5,35,OK
1,ISA,1,Ascendente,2000,warm,85,1539,0.021069,1,0,0.313035,6,45,OK
1,ISA,1,Ascendente,2000,warm,86,506,0.021139,1,0,0.323055,5,11,OK
1,ISA,1,Ascendente,2000,warm,87,1720,0.021320,1,0,0.306904,5,25,OK
1,ISA,1,Ascendente,2000,warm,88,1305,0.019767,1,0,0.315691,6,11,OK
1,ISA,1,Ascendente,2000,warm,89,567,0.021451,1,0,0.306233,5,72,OK
1,ISA,1,Ascendente,2000,warm,90,1568,0.021801,1,0,0.345237,6,74,OK
1,ISA,1,Ascendente,2000,warm,91,1592,0.052899,1,0,0.329156,6,98,OK
1,ISA,1,Ascendente,2000,warm,92,1067,0.020789,1,0,0.345276,5,72,OK
1,ISA,1,Ascendente,2000,warm,93,992,0.021480,1,0,0.352440,5,97,OK
1,ISA,1,Ascendente,2000,warm,94,1283,0.024576,1,0,0.330699,6,89,OK
1,ISA,1,Ascendente,2000,warm,95,489,0.019556,1,0,0.322503,5,94,OK
1,ISA,1,Ascendente,2000,warm,96,562,0.021620,1,0,0.311353,5,67,OK
1,ISA,1,Ascendente,2000,warm,97,900,0.021600,1,0,0.310411,5,5,OK
1,ISA,1,Ascendente,2000,warm,98,158,0.021441,1,0,0.351738,5,63,OK
1,ISA,1,Ascendente,2000,warm,99,1461,0.026049,1,0,0.316993,5,66,OK
1,ISA,1,Ascendente,2000,warm,100,585,0.022161,1,0,0.308958,5,90,OK
1,ISA,1,Ascendente,20000,warm,1,8903,0.027421,1,0,0.316893,8,11,OK
1,ISA,1,Ascendente,20000,warm,2,11005,0.024115,1,0,0.335668,9,14,OK
1,ISA,1,Ascendente,20000,warm,3,10476,0.021690,1,0,0.320620,9,85,OK
1,ISA,1,Ascendente,20000,warm,4,17699,0.023263,1,0,0.311362,9,108,OK
1,ISA,1,Ascendente,20000,warm,5,2640,0.024897,1,0,0.317133,9,49,OK
1,ISA,1,Ascendente,20000,warm,6,4534,0.027892,1,0,0.346308,9,43,OK
1,ISA,1,Ascendente,20000,warm,7,4942,0.021530,1,0,0.361957,8,50,OK
1,ISA,1,Ascendente,20000,warm,8,7577,0.023374,1,0,0.350937,9,86,OK
1,ISA,1,Ascendente,20000,warm,9,12551,0.022823,1,0,0.318566,9,60,OK
1,ISA,1,Ascendente,20000,warm,10,5007,0.023213,1,0,0.322043,9,16,OK
1,ISA,1,Ascendente,20000,warm,11,7010,0.021149,1,0,0.316172,9,19,OK
1,ISA,1,Ascendente,20000,warm,12,2104,0.023454,1,0,0.328134,9,13,OK
1,ISA,1,Ascendente,20000,warm,13,13594,0.026229,1,0,0.309038,9,103,OK
1,ISA,1,Ascendente,20000,warm,14,13356,0.023725,1,0,0.314719,8,64,OK
1,ISA,1,Ascendente,20000,warm,15,10842,0.054212,1,0,0.327312,8,50,OK
1,ISA,1,Ascendente,20000,warm,16,17780,0.023454,1,0,0.359282,8,88,OK
1,ISA,1,Ascendente,20000,warm,17,15267,0.023434,1,0,0.342200,8,75,OK
1,ISA,1,Ascendente,20000,warm,18,13624,0.023524,1,0,0.318165,8,32,OK
1,ISA,1,Ascendente,20000,warm,19,2040,0.024005,1,0,0.317514,9,49,OK
1,ISA,1,Ascendente,20000,warm,20,6777,0.023413,1,0,0.311102,8,85,OK
1,ISA,1,Ascendente,20000,warm,21,13767,0.026299,1,0,0.359322,9,76,OK
1,ISA,1,Ascendente,20000,warm,22,12762,0.023303,1,0,0.313246,8,70,OK
1,ISA,1,Ascendente,20000,warm,23,19139,0.021430,1,0,0.322554,9,48,OK
1,ISA,1,Ascendente,20000,warm,24,640,0.023073,1,0,0.348402,9,49,OK
1,ISA,1,Ascendente,20000,warm,25,18864,0.026600,1,0,0.348252,9,73,OK
1,ISA,1,Ascendente,20000,warm,26,12464,0.021160,1,0,0.339615,8,72,OK
1,ISA,1,Ascendente,20000,warm,27,15629,0.023515,1,0,0.316732,9,38,OK
1,ISA,1,Ascendente,20000,warm,28,193,0.021139,1,0,0.322433,9,102,OK
1,ISA,1,Ascendente,20000,warm,29,11526,0.026409,1,0,0.312524,9,35,OK
1,ISA,1,Ascendente,20000,warm,30,9784,0.023244,1,0,0.316382,9,93,OK
1,ISA,1,Ascendente,20000,warm,31,12779,0.022983,1,0,0.313586,8,87,OK
1,ISA,1,Ascendente,20000,warm,32,13730,0.021280,1,0,0.316792,9,39,OK
1,ISA,1,Ascendente,20000,warm,33,17636,0.023784,1,0,0.315800,9,45,OK
1,ISA,1,Ascendente,20000,warm,34,17895,0.022903,1,0,0.358371,9,104,OK
1,ISA,1,Ascendente,20000,warm,35,19767,0.023173,1,0,0.436957,9,76,OK
1,ISA,1,Ascendente,20000,warm,36,7226,0.023033,1,0,0.351187,9,35,OK
1,ISA,1,Ascendente,20000,warm,37,15998,0.021240,1,0,0.318516,9,107,OK
1,ISA,1,Ascendente,20000,warm,38,7190,0.023403,1,0,0.315550,9,99,OK
1,ISA,1,Ascendente,20000,warm,39,8943,0.022913,1,0,0.343763,8,51,OK
1,ISA,1,Ascendente,20000,warm,40,14281,0.023514,1,0,0.315340,8,89,OK
1,ISA,1,Ascendente,20000,warm,41,15913,0.023413,1,0,0.339275,9,22,OK
1,ISA,1,Ascendente,20000,warm,42,951,0.023233,1,0,0.320089,9,60,OK
1,ISA,1,Ascendente,20000,warm,43,12742,0.023534,1,0,0.341850,8,50,OK
1,ISA,1,Ascendente,20000,warm,44,11014,0.023785,1,0,0.340977,9,23,OK
1,ISA,1,Ascendente,20000,warm,45,13248,0.023815,1,0,0.345837,9,57,OK
1,ISA,1,Ascendente,20000,warm,46,5408,0.021650,1,0,0.333674,9,17,OK
1,ISA,1,Ascendente,20000,warm,47,15315,0.023013,1,0,0.325900,9,24,OK
1,ISA,1,Ascendente,20000,warm,48,4182,0.023133,1,0,0.324978,9,91,OK
1,ISA,1,Ascendente,20000,warm,49,17502,0.023593,1,0,0.313025,9,11,OK
1,ISA,1,Ascendente,20000,warm,50,883,0.021490,1,0,0.321843,8,91,OK
1,ISA,1,Ascendente,20000,warm,51,12911,0.023304,1,0,0.314999,9,20,OK
1,ISA,1,Ascendente,20000,warm,52,19395,0.024195,1,0,0.312745,8,103,OK
1,ISA,1,Ascendente,20000,warm,53,18493,0.055334,1,0,0.324377,9,102,OK
1,ISA,1,Ascendente,20000,warm,54,888,0.023504,1,0,0.338353,8,96,OK
1,ISA,1,Ascendente,20000,warm,55,2750,0.023284,1,0,0.340356,8,58,OK
1,ISA,1,Ascendente,20000,warm,56,14044,0.021561,1,0,0.317434,9,53,OK
1,ISA,1,Ascendente,20000,warm,57,4446,0.023514,1,0,0.322393,9,55,OK
1,ISA,1,Ascendente,20000,warm,58,15128,0.023433,1,0,0.323145,9,37,OK
1,ISA,1,Ascendente,20000,warm,59,5954,0.023063,1,0,0.319949,9,63,OK
1,ISA,1,Ascendente,20000,warm,60,1647,0.023454,1,0,0.318796,9,56,OK
1,ISA,1,Ascendente,20000,warm,61,8524,0.023483,1,0,0.314147,9,33,OK
1,ISA,1,Ascendente,20000,warm,62,12422,0.026540,1,0,0.339455,8,30,OK
1,ISA,1,Ascendente,20000,warm,63,10726,0.023093,1,0,0.338483,9,35,OK
1,ISA,1,Ascendente,20000,warm,64,6935,0.022773,1,0,0.333474,9,44,OK
1,ISA,1,Ascendente,20000,warm,65,14899,0.023645,1,0,0.316372,9,108,OK
1,ISA,1,Ascendente,20000,warm,66,10710,0.024666,1,0,0.320600,9,19,OK
1,ISA,1,Ascendente,20000,warm,67,11059,0.022783,1,0,0.327523,9,68,OK
1,ISA,1,Ascendente,20000,warm,68,12423,0.023454,1,0,0.314058,8,31,OK
1,ISA,1,Ascendente,20000,warm,69,9117,0.023474,1,0,0.316051,9,26,OK
1,ISA,1,Ascendente,20000,warm,70,13813,0.023374,1,0,0.315059,9,22,OK
1,ISA,1,Ascendente,20000,warm,71,8266,0.025007,1,0,0.334841,9,75,OK
1,ISA,1,Ascendente,20000,warm,72,2683,0.023875,1,0,0.316583,9,92,OK
1,ISA,1,Ascendente,20000,warm,73,15411,0.023534,1,0,0.454851,9,20,OK
1,ISA,1,Ascendente,20000,warm,74,635,0.023494,1,0,0.348482,9,44,OK
1,ISA,1,Ascendente,20000,warm,75,17675,0.021140,1,0,0.344114,9,84,OK
1,ISA,1,Ascendente,20000,warm,76,1706,0.024045,1,0,0.366756,8,14,OK
1,ISA,1,Ascendente,20000,warm,77,11467,0.021531,1,0,0.317864,8,75,OK
1,ISA,1,Ascendente,20000,warm,78,7347,0.023214,1,0,0.317835,9,56,OK
1,ISA,1,Ascendente,20000,warm,79,2248,0.021410,1,0,0.337551,9,57,OK
1,ISA,1,Ascendente,20000,warm,80,1319,0.023203,1,0,0.318827,9,28,OK
1,ISA,1,Ascendente,20000,warm,81,1016,0.023515,1,0,0.315660,9,25,OK
1,ISA,1,Ascendente,20000,warm,82,8102,0.023203,1,0,0.313607,9,11,OK
1,ISA,1,Ascendente,20000,warm,83,6532,0.026419,1,0,0.340386,9,41,OK
1,ISA,1,Ascendente,20000,warm,84,667,0.029595,1,0,0.332192,9,76,OK
1,ISA,1,Ascendente,20000,warm,85,4993,0.023354,1,0,0.351648,8,101,OK
1,ISA,1,Ascendente,20000,warm,86,7816,0.023033,1,0,0.313887,9,25,OK
1,ISA,1,Ascendente,20000,warm,87,4136,0.021490,1,0,0.317845,9,45,OK
1,ISA,1,Ascendente,20000,warm,88,15517,0.022823,1,0,0.313546,8,25,OK
1,ISA,1,Ascendente,20000,warm,89,3748,0.023253,1,0,0.314739,9,57,OK
1,ISA,1,Ascendente,20000,warm,90,18480,0.022993,1,0,0.320640,9,89,OK
1,ISA,1,Ascendente,20000,warm,91,7142,0.023133,1,0,0.313396,9,51,OK
1,ISA,1,Ascendente,20000,warm,92,15238,0.023223,1,0,0.343894,8,46,OK
1,ISA,1,Ascendente,20000,warm,93,8396,0.023033,1,0,0.352219,8,104,OK
1,ISA,1,Ascendente,20000,warm,94,12087,0.022582,1,0,0.424835,9,96,OK
1,ISA,1,Ascendente,20000,warm,95,5498,0.022883,1,0,0.310911,9,107,OK
1,ISA,1,Ascendente,20000,warm,96,19853,0.023003,1,0,0.318396,9,62,OK
1,ISA,1,Ascendente,20000,warm,97,19898,0.023194,1,0,0.311703,9,107,OK
1,ISA,1,Ascendente,20000,warm,98,3753,0.023184,1,0,0.315300,9,62,OK
1,ISA,1,Ascendente,20000,warm,99,5366,0.023153,1,0,0.313617,9,75,OK
1,ISA,1,Ascendente,20000,warm,100,10192,0.024426,1,0,0.342400,9,101,OK
1,ISA,1,Ascendente,200000,warm,1,151698,0.030417,1,0,0.335739,12,110,OK
1,ISA,1,Ascendente,200000,warm,2,6731,0.024586,1,0,0.477944,12,43,OK
1,ISA,1,Ascendente,200000,warm,3,81777,0.023805,1,0,0.326170,12,89,OK
1,ISA,1,Ascendente,200000,warm,4,150941,0.021730,1,0,0.322784,12,53,OK
1,ISA,1,Ascendente,200000,warm,5,177562,0.021851,1,0,0.336680,12,74,OK
1,ISA,1,Ascendente,200000,warm,6,98384,0.021701,1,0,0.326401,12,96,OK
1,ISA,1,Ascendente,200000,warm,7,103980,0.023795,1,0,0.324757,12,92,OK
1,ISA,1,Ascendente,200000,warm,8,187436,0.021360,1,0,0.325519,11,47,OK
1,ISA,1,Ascendente,200000,warm,9,51990,0.027431,1,0,0.318697,12,102,OK
1,ISA,1,Ascendente,200000,warm,10,19922,0.023524,1,0,0.341729,12,34,OK
1,ISA,1,Ascendente,200000,warm,11,155214,0.023324,1,0,0.340628,12,26,OK
1,ISA,1,Ascendente,200000,warm,12,181040,0.023344,1,0,0.336880,12,52,OK
1,ISA,1,Ascendente,200000,warm,13,164427,0.023515,1,0,0.323766,12,39,OK
1,ISA,1,Ascendente,200000,warm,14,63661,0.023243,1,0,0.326461,12,73,OK
1,ISA,1,Ascendente,200000,warm,15,26712,0.023434,1,0,0.322313,12,24,OK
1,ISA,1,Ascendente,200000,warm,16,182764,0.023795,1,0,0.318736,12,76,OK
1,ISA,1,Ascendente,200000,warm,17,79058,0.023704,1,0,0.320119,12,70,OK
1,ISA,1,Ascendente,200000,warm,18,179374,0.025157,1,0,0.345116,12,86,OK
1,ISA,1,Ascendente,200000,warm,19,157394,0.023464,1,0,0.320569,12,106,OK
1,ISA,1,Ascendente,200000,warm,20,31733,0.027561,1,0,0.344474,12,45,OK
1,ISA,1,Ascendente,200000,warm,21,148355,0.023945,1,0,0.359192,12,67,OK
1,ISA,1,Ascendente,200000,warm,22,10766,0.023424,1,0,0.340717,12,78,OK
1,ISA,1,Ascendente,200000,warm,23,91017,0.023234,1,0,0.354072,12,29,OK
1,ISA,1,Ascendente,200000,warm,24,139655,0.023264,1,0,0.319718,12,67,OK
1,ISA,1,Ascendente,200000,warm,25,112296,0.023344,1,0,0.324647,12,108,OK
1,ISA,1,Ascendente,200000,warm,26,173413,0.023194,1,0,0.334355,12,25,OK
1,ISA,1,Ascendente,200000,warm,27,97142,0.023104,1,0,0.320469,12,54,OK
1,ISA,1,Ascendente,200000,warm,28,18076,0.028704,1,0,0.387725,12,88,OK
1,ISA,1,Ascendente,200000,warm,29,132634,0.023594,1,0,0.326551,12,46,OK
1,ISA,1,Ascendente,200000,warm,30,169749,0.021410,1,0,0.353071,12,61,OK
1,ISA,1,Ascendente,200000,warm,31,89451,0.022281,1,0,0.356427,12,63,OK
1,ISA,1,Ascendente,200000,warm,32,3316,0.024596,1,0,0.370202,12,28,OK
1,ISA,1,Ascendente,200000,warm,33,110115,0.021450,1,0,0.340778,12,27,OK
1,ISA,1,Ascendente,200000,warm,34,128503,0.023584,1,0,0.331811,12,15,OK
1,ISA,1,Ascendente,200000,warm,35,27666,0.023404,1,0,0.329417,12,78,OK
1,ISA,1,Ascendente,200000,warm,36,113645,0.023604,1,0,0.326341,12,57,OK
1,ISA,1,Ascendente,200000,warm,37,94945,0.023985,1,0,0.335207,12,57,OK
1,ISA,1,Ascendente,200000,warm,38,166614,0.023203,1,0,0.320480,12,26,OK
1,ISA,1,Ascendente,200000,warm,39,120517,0.023123,1,0,0.357990,12,29,OK
1,ISA,1,Ascendente,200000,warm,40,185416,0.023204,1,0,0.345337,12,28,OK
1,ISA,1,Ascendente,200000,warm,41,40105,0.023284,1,0,0.351678,12,17,OK
1,ISA,1,Ascendente,200000,warm,42,114160,0.023474,1,0,0.316272,12,72,OK
1,ISA,1,Ascendente,200000,warm,43,46173,0.023464,1,0,0.319968,12,85,OK
1,ISA,1,Ascendente,200000,warm,44,192360,0.023664,1,0,0.314509,12,72,OK
1,ISA,1,Ascendente,200000,warm,45,136772,0.023404,1,0,0.315931,12,84,OK
1,ISA,1,Ascendente,200000,warm,46,170513,0.023614,1,0,0.326321,12,25,OK
1,ISA,1,Ascendente,200000,warm,47,70800,0.023644,1,0,0.318366,12,12,OK
1,ISA,1,Ascendente,200000,warm,48,161457,0.024456,1,0,0.358090,12,69,OK
1,ISA,1,Ascendente,200000,warm,49,141078,0.021370,1,0,0.348712,12,90,OK
1,ISA,1,Ascendente,200000,warm,50,126745,0.023253,1,0,0.340668,12,57,OK
1,ISA,1,Ascendente,200000,warm,51,121863,0.023434,1,0,0.319287,12,75,OK
1,ISA,1,Ascendente,200000,warm,52,114183,0.022983,1,0,0.319057,12,95,OK
1,ISA,1,Ascendente,200000,warm,53,191634,0.027111,1,0,0.314738,12,46,OK
1,ISA,1,Ascendente,200000,warm,54,155313,0.023995,1,0,0.315199,12,25,OK
1,ISA,1,Ascendente,200000,warm,55,70358,0.046477,1,0,0.339565,12,70,OK
1,ISA,1,Ascendente,200000,warm,56,84490,0.023534,1,0,0.347881,12,102,OK
1,ISA,1,Ascendente,200000,warm,57,64355,0.023794,1,0,0.358882,12,67,OK
1,ISA,1,Ascendente,200000,warm,58,22718,0.022162,1,0,0.326951,12,30,OK
1,ISA,1,Ascendente,200000,warm,59,73119,0.024215,1,0,0.331821,12,31,OK
1,ISA,1,Ascendente,200000,warm,60,118175,0.023274,1,0,0.327042,12,87,OK
1,ISA,1,Ascendente,200000,warm,61,63927,0.023624,1,0,0.323035,12,39,OK
1,ISA,1,Ascendente,200000,warm,62,196732,0.021910,1,0,0.359333,12,44,OK
1,ISA,1,Ascendente,200000,warm,63,121820,0.023594,1,0,0.320991,12,32,OK
1,ISA,1,Ascendente,200000,warm,64,149382,0.024185,1,0,0.349283,12,94,OK
1,ISA,1,Ascendente,200000,warm,65,159994,0.023634,1,0,0.321792,12,106,OK
1,ISA,1,Ascendente,200000,warm,66,175161,0.023554,1,0,0.357448,12,73,OK
1,ISA,1,Ascendente,200000,warm,67,99349,0.023494,1,0,0.357278,12,61,OK
1,ISA,1,Ascendente,200000,warm,68,88184,0.021270,1,0,0.374310,12,96,OK
1,ISA,1,Ascendente,200000,warm,69,7523,0.021400,1,0,0.323024,12,35,OK
1,ISA,1,Ascendente,200000,warm,70,129579,0.023744,1,0,0.322503,12,91,OK
1,ISA,1,Ascendente,200000,warm,71,85200,0.023714,1,0,0.322523,12,12,OK
1,ISA,1,Ascendente,200000,warm,72,47668,0.023685,1,0,0.319938,12,80,OK
1,ISA,1,Ascendente,200000,warm,73,127808,0.023744,1,0,0.330909,12,20,OK
1,ISA,1,Ascendente,200000,warm,74,55605,0.026911,1,0,0.336510,12,17,OK
1,ISA,1,Ascendente,200000,warm,75,93015,0.025027,1,0,0.345767,12,27,OK
1,ISA,1,Ascendente,200000,warm,76,67725,0.023855,1,0,0.328515,12,37,OK
1,ISA,1,Ascendente,200000,warm,77,89217,0.060172,1,0,0.346298,12,29,OK
1,ISA,1,Ascendente,200000,warm,78,73310,0.027522,1,0,0.385531,12,22,OK
1,ISA,1,Ascendente,200000,warm,79,156278,0.023194,1,0,0.369451,12,90,OK
1,ISA,1,Ascendente,200000,warm,80,183811,0.021610,1,0,0.337622,12,23,OK
1,ISA,1,Ascendente,200000,warm,81,72422,0.023443,1,0,0.321632,12,34,OK
1,ISA,1,Ascendente,200000,warm,82,145697,0.026580,1,0,0.319298,12,109,OK
1,ISA,1,Ascendente,200000,warm,83,2661,0.024165,1,0,0.332682,12,73,OK
1,ISA,1,Ascendente,200000,warm,84,135430,0.025678,1,0,0.328715,12,42,OK
1,ISA,1,Ascendente,200000,warm,85,50084,0.024756,1,0,0.335698,12,96,OK
1,ISA,1,Ascendente,200000,warm,86,22442,0.021640,1,0,0.332282,12,54,OK
1,ISA,1,Ascendente,200000,warm,87,63270,0.035065,1,0,0.330057,12,82,OK
1,ISA,1,Ascendente,200000,warm,88,188763,0.025638,1,0,0.331670,12,75,OK
1,ISA,1,Ascendente,200000,warm,89,106542,0.021550,1,0,0.372216,12,54,OK
1,ISA,1,Ascendente,200000,warm,90,128077,0.022281,1,0,0.367728,11,88,OK
1,ISA,1,Ascendente,200000,warm,91,145536,0.023635,1,0,0.353281,12,48,OK
1,ISA,1,Ascendente,200000,warm,92,198748,0.024787,1,0,0.338293,12,60,OK
1,ISA,1,Ascendente,200000,warm,93,62999,0.021730,1,0,0.363891,12,111,OK
1,ISA,1,Ascendente,200000,warm,94,181039,0.023534,1,0,0.325740,12,51,OK
1,ISA,1,Ascendente,200000,warm,95,124804,0.023303,1,0,0.318106,12,16,OK
1,ISA,1,Ascendente,200000,warm,96,169319,0.023354,1,0,0.326551,12,31,OK
1,ISA,1,Ascendente,200000,warm,97,186605,0.023504,1,0,0.320500,12,17,OK
1,ISA,1,Ascendente,200000,warm,98,128665,0.023784,1,0,0.318425,12,77,OK
1,ISA,1,Ascendente,200000,warm,99,117486,0.021601,1,0,0.320519,12,98,OK
1,ISA,1,Ascendente,200000,warm,100,4520,0.024155,1,0,0.381073,12,32,OK
1,ISA,1,Ascendente,2000000,warm,1,617056,0.030798,1,0,0.353641,15,71,OK
1,ISA,1,Ascendente,2000000,warm,2,464721,0.023484,1,0,0.354855,15,36,OK
1,ISA,1,Ascendente,2000000,warm,3,848090,0.021750,1,0,0.351107,15,105,OK
1,ISA,1,Ascendente,2000000,warm,4,1450782,0.024476,1,0,0.366585,15,97,OK
1,ISA,1,Ascendente,2000000,warm,5,510247,0.023033,1,0,0.351268,15,62,OK
1,ISA,1,Ascendente,2000000,warm,6,642160,0.023574,1,0,0.328154,15,75,OK
1,ISA,1,Ascendente,2000000,warm,7,1392425,0.023444,1,0,0.328064,15,40,OK
1,ISA,1,Ascendente,2000000,warm,8,1219610,0.023664,1,0,0.331340,15,25,OK
1,ISA,1,Ascendente,2000000,warm,9,773891,0.021681,1,0,0.333363,15,106,OK
1,ISA,1,Ascendente,2000000,warm,10,992499,0.023404,1,0,0.327042,15,114,OK
1,ISA,1,Ascendente,2000000,warm,11,1160716,0.023564,1,0,0.366215,16,32,OK
1,ISA,1,Ascendente,2000000,warm,12,1113423,0.023474,1,0,0.349694,15,38,OK
1,ISA,1,Ascendente,2000000,warm,13,720911,0.023434,1,0,0.443109,16,27,OK
1,ISA,1,Ascendente,2000000,warm,14,892346,0.023434,1,0,0.327784,16,62,OK
1,ISA,1,Ascendente,2000000,warm,15,1564339,0.023063,1,0,0.335468,15,54,OK
1,ISA,1,Ascendente,2000000,warm,16,1154248,0.022833,1,0,0.796891,15,63,OK
1,ISA,1,Ascendente,2000000,warm,17,693719,0.026670,1,0,0.411229,15,34,OK
1,ISA,1,Ascendente,2000000,warm,18,737800,0.021280,1,0,0.332452,15,15,OK
1,ISA,1,Ascendente,2000000,warm,19,1473993,0.023253,1,0,0.327724,15,108,OK
1,ISA,1,Ascendente,2000000,warm,20,951572,0.023364,1,0,0.323315,15,87,OK
1,ISA,1,Ascendente,2000000,warm,21,568152,0.024576,1,0,0.324416,16,68,OK
1,ISA,1,Ascendente,2000000,warm,22,643035,0.023684,1,0,0.328274,15,50,OK
1,ISA,1,Ascendente,2000000,warm,23,527231,0.022903,1,0,0.353331,15,46,OK
1,ISA,1,Ascendente,2000000,warm,24,483473,0.023475,1,0,0.344194,15,88,OK
1,ISA,1,Ascendente,2000000,warm,25,253033,0.023474,1,0,0.842145,15,48,OK
1,ISA,1,Ascendente,2000000,warm,26,1512642,0.023584,1,0,0.357689,15,57,OK
1,ISA,1,Ascendente,2000000,warm,27,403878,0.023233,1,0,0.327913,15,93,OK
1,ISA,1,Ascendente,2000000,warm,28,661752,0.042239,1,0,0.320039,16,68,OK
1,ISA,1,Ascendente,2000000,warm,29,250724,0.028784,1,0,0.850070,16,40,OK
1,ISA,1,Ascendente,2000000,warm,30,1557934,0.023384,1,0,0.319618,15,49,OK
1,ISA,1,Ascendente,2000000,warm,31,1123788,0.023043,1,0,0.326631,16,104,OK
1,ISA,1,Ascendente,2000000,warm,32,1994134,0.023214,1,0,0.328144,15,49,OK
1,ISA,1,Ascendente,2000000,warm,33,1598427,0.026790,1,0,0.320179,15,42,OK
1,ISA,1,Ascendente,2000000,warm,34,1447377,0.024537,1,0,0.381755,15,92,OK
1,ISA,1,Ascendente,2000000,warm,35,388287,0.023293,1,0,0.344916,15,102,OK
1,ISA,1,Ascendente,2000000,warm,36,401690,0.022963,1,0,0.350796,16,106,OK
1,ISA,1,Ascendente,2000000,warm,37,453791,0.021711,1,0,0.368940,16,107,OK
1,ISA,1,Ascendente,2000000,warm,38,1548966,0.023855,1,0,0.353822,16,82,OK
1,ISA,1,Ascendente,2000000,warm,39,1015438,0.021570,1,0,0.333574,16,54,OK
1,ISA,1,Ascendente,2000000,warm,40,579861,0.023223,1,0,0.337160,16,77,OK
1,ISA,1,Ascendente,2000000,warm,41,1519564,0.023404,1,0,0.334265,15,79,OK
1,ISA,1,Ascendente,2000000,warm,42,1236453,0.023955,1,0,0.365313,16,69,OK
1,ISA,1,Ascendente,2000000,warm,43,1594271,0.023825,1,0,0.330538,15,86,OK
1,ISA,1,Ascendente,2000000,warm,44,1100243,0.026981,1,0,0.329266,16,59,OK
1,ISA,1,Ascendente,2000000,warm,45,1251560,0.029304,1,0,0.327021,15,75,OK
1,ISA,1,Ascendente,2000000,warm,46,593491,0.021159,1,0,0.361276,16,107,OK
1,ISA,1,Ascendente,2000000,warm,47,210818,0.023224,1,0,0.916614,15,33,OK
1,ISA,1,Ascendente,2000000,warm,48,1746148,0.023233,1,0,0.328725,15,63,OK
1,ISA,1,Ascendente,2000000,warm,49,407094,0.023494,1,0,0.329447,15,109,OK
1,ISA,1,Ascendente,2000000,warm,50,621273,0.023473,1,0,0.328545,16,89,OK
1,ISA,1,Ascendente,2000000,warm,51,477066,0.021650,1,0,0.330858,15,81,OK
1,ISA,1,Ascendente,2000000,warm,52,756822,0.024276,1,0,0.329546,15,37,OK
1,ISA,1,Ascendente,2000000,warm,53,376316,0.023313,1,0,0.333114,15,31,OK
1,ISA,1,Ascendente,2000000,warm,54,633901,0.024466,1,0,0.333724,16,17,OK
1,ISA,1,Ascendente,2000000,warm,55,29671,0.023093,1,0,0.359302,15,86,OK
1,ISA,1,Ascendente,2000000,warm,56,1484822,0.023203,1,0,0.359292,15,37,OK
1,ISA,1,Ascendente,2000000,warm,57,1120162,0.023835,1,0,0.372948,15,77,OK
1,ISA,1,Ascendente,2000000,warm,58,265463,0.023263,1,0,1.083470,16,79,OK
1,ISA,1,Ascendente,2000000,warm,59,575272,0.023444,1,0,0.328936,15,87,OK
1,ISA,1,Ascendente,2000000,warm,60,95453,0.024145,1,0,0.331249,16,69,OK
1,ISA,1,Ascendente,2000000,warm,61,114349,0.028223,1,0,0.324056,16,65,OK
1,ISA,1,Ascendente,2000000,warm,62,1160477,0.023224,1,0,0.330468,15,92,OK
1,ISA,1,Ascendente,2000000,warm,63,612654,0.023904,1,0,0.330098,15,69,OK
1,ISA,1,Ascendente,2000000,warm,64,1462590,0.021571,1,0,0.739895,16,106,OK
1,ISA,1,Ascendente,2000000,warm,65,1979899,0.021761,1,0,0.337732,16,115,OK
1,ISA,1,Ascendente,2000000,warm,66,264827,0.023434,1,0,0.960807,16,43,OK
1,ISA,1,Ascendente,2000000,warm,67,1337709,0.023804,1,0,0.330258,15,24,OK
1,ISA,1,Ascendente,2000000,warm,68,1821295,0.023183,1,0,0.334236,15,110,OK
1,ISA,1,Ascendente,2000000,warm,69,1578719,0.027692,1,0,0.333103,16,35,OK
1,ISA,1,Ascendente,2000000,warm,70,1029447,0.022963,1,0,0.350957,16,63,OK
1,ISA,1,Ascendente,2000000,warm,71,215141,0.023394,1,0,1.936270,15,56,OK
1,ISA,1,Ascendente,2000000,warm,72,1830225,0.023403,1,0,0.338424,16,41,OK
1,ISA,1,Ascendente,2000000,warm,73,25722,0.026620,1,0,0.336509,15,37,OK
1,ISA,1,Ascendente,2000000,warm,74,1203899,0.023714,1,0,0.332061,16,115,OK
1,ISA,1,Ascendente,2000000,warm,75,596302,0.023013,1,0,0.333213,16,18,OK
1,ISA,1,Ascendente,2000000,warm,76,984396,0.023634,1,0,0.326461,15,111,OK
1,ISA,1,Ascendente,2000000,warm,77,1003936,0.024035,1,0,0.330068,15,51,OK
1,ISA,1,Ascendente,2000000,warm,78,923730,0.024626,1,0,0.372076,15,45,OK
1,ISA,1,Ascendente,2000000,warm,79,714512,0.021780,1,0,0.385241,16,28,OK
1,ISA,1,Ascendente,2000000,warm,80,386638,0.023885,1,0,0.366936,15,53,OK
1,ISA,1,Ascendente,2000000,warm,81,107744,0.023564,1,0,0.375312,15,59,OK
1,ISA,1,Ascendente,2000000,warm,82,529485,0.023704,1,0,0.363360,16,101,OK
1,ISA,1,Ascendente,2000000,warm,83,1973553,0.021550,1,0,0.341779,15,68,OK
1,ISA,1,Ascendente,2000000,warm,84,1807164,0.022602,1,0,0.335958,15,79,OK
1,ISA,1,Ascendente,2000000,warm,85,1001870,0.023153,1,0,0.334345,15,85,OK
1,ISA,1,Ascendente,2000000,warm,86,239258,0.023734,1,0,1.144590,15,73,OK
1,ISA,1,Ascendente,2000000,warm,87,1724101,0.021590,1,0,0.329827,15,16,OK
1,ISA,1,Ascendente,2000000,warm,88,137035,0.022111,1,0,0.333755,15,50,OK
1,ISA,1,Ascendente,2000000,warm,89,840344,0.023394,1,0,0.328634,15,59,OK
1,ISA,1,Ascendente,2000000,warm,90,1031267,0.023644,1,0,0.380472,15,82,OK
1,ISA,1,Ascendente,2000000,warm,91,155361,0.023093,1,0,0.354544,15,76,OK
1,ISA,1,Ascendente,2000000,warm,92,1210101,0.023754,1,0,0.363279,16,17,OK
1,ISA,1,Ascendente,2000000,warm,93,1320043,0.023053,1,0,0.357609,16,59,OK
1,ISA,1,Ascendente,2000000,warm,94,1439592,0.026760,1,0,0.345957,15,107,OK
1,ISA,1,Ascendente,2000000,warm,95,112426,0.023343,1,0,0.337461,16,42,OK
1,ISA,1,Ascendente,2000000,warm,96,318194,0.021921,1,0,1.078040,16,110,OK
1,ISA,1,Ascendente,2000000,warm,97,312890,0.023734,1,0,0.811377,15,105,OK
1,ISA,1,Ascendente,2000000,warm,98,1701088,0.023715,1,0,0.352499,15,103,OK
1,ISA,1,Ascendente,2000000,warm,99,1180360,0.023054,1,0,0.336068,16,76,OK
1,ISA,1,Ascendente,2000000,warm,100,1990460,0.023624,1,0,0.336790,16,76,OK
2,Arvore_Binaria,1,Ascendente,20,cold,1,9,1.266640,103,201,0.049242,12,31,OK
2,Arvore_Binaria,1,Ascendente,20,cold,2,2,0.564606,103,201,0.041778,5,10,OK
2,Arvore_Binaria,1,Ascendente,20,cold,3,7,0.543888,103,201,0.146724,10,25,OK
2,Arvore_Binaria,1,Ascendente,20,cold,4,3,0.564276,103,201,0.037660,6,13,OK
2,Arvore_Binaria,1,Ascendente,20,cold,5,17,0.568543,103,201,0.042890,9,33,OK
2,Arvore_Binaria,1,Ascendente,20,cold,6,13,0.537215,103,201,0.037871,5,21,OK
2,Arvore_Binaria,1,Ascendente,20,cold,7,19,0.536654,103,201,0.041608,11,39,OK
2,Arvore_Binaria,1,Ascendente,20,cold,8,19,0.536594,103,201,0.041357,11,39,OK
2,Arvore_Binaria,1,Ascendente,20,cold,9,19,0.566360,103,201,0.041999,11,39,OK
2,Arvore_Binaria,1,Ascendente,20,cold,10,7,0.570257,103,201,0.043571,10,25,OK
2,Arvore_Binaria,1,Ascendente,20,cold,11,16,0.642582,103,201,0.041177,8,30,OK
2,Arvore_Binaria,1,Ascendente,20,cold,12,12,0.538878,103,201,0.041157,4,18,OK
2,Arvore_Binaria,1,Ascendente,20,cold,13,14,0.534530,103,201,0.036959,6,24,OK
2,Arvore_Binaria,1,Ascendente,20,cold,14,14,0.568463,103,201,0.042429,6,24,OK
2,Arvore_Binaria,1,Ascendente,20,cold,15,9,0.572270,103,201,0.046827,12,31,OK
2,Arvore_Binaria,1,Ascendente,20,cold,16,18,0.551752,103,201,0.040787,10,36,OK
2,Arvore_Binaria,1,Ascendente,20,cold,17,13,0.713404,103,201,0.043592,5,21,OK
2,Arvore_Binaria,1,Ascendente,20,cold,18,9,0.630731,103,201,0.051387,12,31,OK
2,Arvore_Binaria,1,Ascendente,20,cold,19,18,0.561871,103,201,0.049252,10,36,OK
2,Arvore_Binaria,1,Ascendente,20,cold,20,19,0.594362,103,201,0.049162,11,39,OK
2,Arvore_Binaria,1,Ascendente,20,cold,21,1,0.574284,103,201,0.037800,4,7,OK
2,Arvore_Binaria,1,Ascendente,20,cold,22,19,0.554157,103,201,0.098093,11,39,OK
2,Arvore_Binaria,1,Ascendente,20,cold,23,3,0.576108,103,201,0.039825,6,13,OK
2,Arvore_Binaria,1,Ascendente,20,cold,24,6,0.544769,103,201,0.042559,9,22,OK
2,Arvore_Binaria,1,Ascendente,20,cold,25,6,0.549488,103,201,0.043090,9,22,OK
2,Arvore_Binaria,1,Ascendente,20,cold,26,8,0.552013,103,201,0.046497,11,28,OK
2,Arvore_Binaria,1,Ascendente,20,cold,27,2,0.582950,103,201,0.044183,5,10,OK
2,Arvore_Binaria,1,Ascendente,20,cold,28,5,0.537756,103,201,0.043431,8,19,OK
2,Arvore_Binaria,1,Ascendente,20,cold,29,7,0.581378,103,201,0.051416,10,25,OK
2,Arvore_Binaria,1,Ascendente,20,cold,30,5,0.587810,103,201,0.050424,8,19,OK
2,Arvore_Binaria,1,Ascendente,20,cold,31,17,0.552594,103,201,0.043351,9,33,OK
2,Arvore_Binaria,1,Ascendente,20,cold,32,2,0.576298,103,201,0.038502,5,10,OK
2,Arvore_Binaria,1,Ascendente,20,cold,33,5,0.575717,103,201,0.041477,8,19,OK
2,Arvore_Binaria,1,Ascendente,20,cold,34,0,0.553205,103,201,0.036959,3,4,OK
2,Arvore_Binaria,1,Ascendente,20,cold,35,13,0.603478,103,201,0.036989,5,21,OK
2,Arvore_Binaria,1,Ascendente,20,cold,36,14,0.632313,103,201,0.039103,6,24,OK
2,Arvore_Binaria,1,Ascendente,20,cold,37,19,0.539569,103,201,0.044634,11,39,OK
2,Arvore_Binaria,1,Ascendente,20,cold,38,15,0.539460,103,201,0.045344,7,27,OK
2,Arvore_Binaria,1,Ascendente,20,cold,39,9,0.592499,103,201,0.049052,12,31,OK
2,Arvore_Binaria,1,Ascendente,20,cold,40,1,0.566190,103,201,0.043411,4,7,OK
2,Arvore_Binaria,1,Ascendente,20,cold,41,7,0.602026,103,201,0.044543,10,25,OK
2,Arvore_Binaria,1,Ascendente,20,cold,42,9,0.538888,103,201,0.048560,12,31,OK
2,Arvore_Binaria,1,Ascendente,20,cold,43,9,0.535693,103,201,0.117329,12,31,OK
2,Arvore_Binaria,1,Ascendente,20,cold,44,14,0.550520,103,201,0.036608,6,24,OK
2,Arvore_Binaria,1,Ascendente,20,cold,45,2,0.571048,103,201,0.036318,5,10,OK
2,Arvore_Binaria,1,Ascendente,20,cold,46,7,0.555680,103,201,0.044723,10,25,OK
2,Arvore_Binaria,1,Ascendente,20,cold,47,8,0.571649,103,201,0.042019,11,28,OK
2,Arvore_Binaria,1,Ascendente,20,cold,48,18,0.580366,103,201,0.044423,10,36,OK
2,Arvore_Binaria,1,Ascendente,20,cold,49,6,0.567602,103,201,0.038502,9,22,OK
2,Arvore_Binaria,1,Ascendente,20,cold,50,13,0.577951,103,201,0.034024,5,21,OK
2,Arvore_Binaria,1,Ascendente,20,cold,51,3,0.535431,103,201,0.037369,6,13,OK
2,Arvore_Binaria,1,Ascendente,20,cold,52,17,0.536774,103,201,0.045826,9,33,OK
2,Arvore_Binaria,1,Ascendente,20,cold,53,7,0.555840,103,201,0.041598,10,25,OK
2,Arvore_Binaria,1,Ascendente,20,cold,54,4,0.554177,103,201,0.037109,7,16,OK
2,Arvore_Binaria,1,Ascendente,20,cold,55,8,0.558595,103,201,0.042830,11,28,OK
2,Arvore_Binaria,1,Ascendente,20,cold,56,4,0.571679,103,201,0.036920,7,16,OK
2,Arvore_Binaria,1,Ascendente,20,cold,57,2,0.548125,103,201,0.043822,5,10,OK
2,Arvore_Binaria,1,Ascendente,20,cold,58,1,0.545841,103,201,0.055604,4,7,OK
2,Arvore_Binaria,1,Ascendente,20,cold,59,5,0.569857,103,201,0.038973,8,19,OK
2,Arvore_Binaria,1,Ascendente,20,cold,60,9,0.576008,103,201,0.044333,12,31,OK
2,Arvore_Binaria,1,Ascendente,20,cold,61,19,0.574665,103,201,0.043301,11,39,OK
2,Arvore_Binaria,1,Ascendente,20,cold,62,18,0.535602,103,201,0.039914,10,36,OK
2,Arvore_Binaria,1,Ascendente,20,cold,63,9,0.533749,103,201,0.057157,12,31,OK
2,Arvore_Binaria,1,Ascendente,20,cold,64,14,0.557483,103,201,0.036368,6,24,OK
2,Arvore_Binaria,1,Ascendente,20,cold,65,3,0.559747,103,201,0.046738,6,13,OK
2,Arvore_Binaria,1,Ascendente,20,cold,66,14,0.567461,103,201,0.042550,6,24,OK
2,Arvore_Binaria,1,Ascendente,20,cold,67,9,0.544368,103,201,0.042539,12,31,OK
2,Arvore_Binaria,1,Ascendente,20,cold,68,12,0.534089,103,201,0.034405,4,18,OK
2,Arvore_Binaria,1,Ascendente,20,cold,69,8,0.535000,103,201,0.049733,11,28,OK
2,Arvore_Binaria,1,Ascendente,20,cold,70,16,0.566339,103,201,0.044403,8,30,OK
2,Arvore_Binaria,1,Ascendente,20,cold,71,17,0.572651,103,201,0.043592,9,33,OK
2,Arvore_Binaria,1,Ascendente,20,cold,72,15,0.575857,103,201,0.047739,7,27,OK
2,Arvore_Binaria,1,Ascendente,20,cold,73,14,0.533418,103,201,0.034885,6,24,OK
2,Arvore_Binaria,1,Ascendente,20,cold,74,2,0.534240,103,201,0.034254,5,10,OK
2,Arvore_Binaria,1,Ascendente,20,cold,75,19,0.561160,103,201,0.041928,11,39,OK
2,Arvore_Binaria,1,Ascendente,20,cold,76,1,0.562513,103,201,0.038232,4,7,OK
2,Arvore_Binaria,1,Ascendente,20,cold,77,13,0.563955,103,201,0.034585,5,21,OK
2,Arvore_Binaria,1,Ascendente,20,cold,78,10,0.539770,103,201,0.033122,2,12,OK
2,Arvore_Binaria,1,Ascendente,20,cold,79,19,0.554096,103,201,0.045234,11,39,OK
2,Arvore_Binaria,1,Ascendente,20,cold,80,8,0.535401,103,201,0.045004,11,28,OK
2,Arvore_Binaria,1,Ascendente,20,cold,81,0,0.729756,103,201,0.045154,3,4,OK
2,Arvore_Binaria,1,Ascendente,20,cold,82,2,0.611995,103,201,0.051546,5,10,OK
2,Arvore_Binaria,1,Ascendente,20,cold,83,7,0.592338,103,201,0.046387,10,25,OK
2,Arvore_Binaria,1,Ascendente,20,cold,84,18,0.557213,103,201,0.043291,10,36,OK
2,Arvore_Binaria,1,Ascendente,20,cold,85,18,0.542936,103,201,0.041498,10,36,OK
2,Arvore_Binaria,1,Ascendente,20,cold,86,0,0.562131,103,201,0.035376,3,4,OK
2,Arvore_Binaria,1,Ascendente,20,cold,87,8,0.605112,103,201,0.042199,11,28,OK
2,Arvore_Binaria,1,Ascendente,20,cold,88,18,0.562923,103,201,0.040566,10,36,OK
2,Arvore_Binaria,1,Ascendente,20,cold,89,1,0.533278,103,201,0.034665,4,7,OK
2,Arvore_Binaria,1,Ascendente,20,cold,90,5,0.533198,103,201,0.039413,8,19,OK
2,Arvore_Binaria,1,Ascendente,20,cold,91,15,0.596466,103,201,0.044674,7,27,OK
2,Arvore_Binaria,1,Ascendente,20,cold,92,16,0.599652,103,201,0.042139,8,30,OK
2,Arvore_Binaria,1,Ascendente,20,cold,93,14,0.547253,103,201,0.039134,6,24,OK
2,Arvore_Binaria,1,Ascendente,20,cold,94,8,0.534089,103,201,0.043301,11,28,OK
2,Arvore_Binaria,1,Ascendente,20,cold,95,5,0.578071,103,201,0.045926,8,19,OK
2,Arvore_Binaria,1,Ascendente,20,cold,96,18,0.570567,103,201,0.040146,10,36,OK
2,Arvore_Binaria,1,Ascendente,20,cold,97,13,0.537025,103,201,0.037670,5,21,OK
2,Arvore_Binaria,1,Ascendente,20,cold,98,15,0.532526,103,201,0.038752,7,27,OK
2,Arvore_Binaria,1,Ascendente,20,cold,99,2,0.532416,103,201,0.039874,5,10,OK
2,Arvore_Binaria,1,Ascendente,20,cold,100,15,0.561721,103,201,0.038572,7,27,OK
2,Arvore_Binaria,1,Ascendente,2000,cold,1,712,1235.040000,1000022,2000001,1.120460,715,1440,OK
2,Arvore_Binaria,1,Ascendente,2000,cold,2,836,1216.190000,1000022,2000001,1.340750,839,1712,OK
2,Arvore_Binaria,1,Ascendente,2000,cold,3,682,1221.840000,1000022,2000001,1.065080,685,1450,OK
2,Arvore_Binaria,1,Ascendente,2000,cold,4,657,1218.550000,1000022,2000001,1.025460,660,1375,OK
2,Arvore_Binaria,1,Ascendente,2000,cold,5,1372,1216.310000,1000022,2000001,0.626222,374,818,OK
2,Arvore_Binaria,1,Ascendente,2000,cold,6,214,1213.370000,1000022,2000001,0.391552,217,446,OK
2,Arvore_Binaria,1,Ascendente,2000,cold,7,1756,1218.350000,1000022,2000001,1.197020,758,1570,OK
2,Arvore_Binaria,1,Ascendente,2000,cold,8,329,1233.270000,1000022,2000001,0.537346,332,691,OK
2,Arvore_Binaria,1,Ascendente,2000,cold,9,675,1231.750000,1000022,2000001,1.099330,678,1429,OK
2,Arvore_Binaria,1,Ascendente,2000,cold,10,843,1215.770000,1000022,2000001,1.303220,846,1733,OK
2,Arvore_Binaria,1,Ascendente,2000,cold,11,1420,1219.380000,1000022,2000001,0.704408,422,862,OK
2,Arvore_Binaria,1,Ascendente,2000,cold,12,1014,1222.120000,1000022,2000001,0.122539,16,44,OK
2,Arvore_Binaria,1,Ascendente,2000,cold,13,590,1216.450000,1000022,2000001,0.966247,593,1274,OK
2,Arvore_Binaria,1,Ascendente,2000,cold,14,1356,1225.440000,1000022,2000001,0.650187,358,770,OK
2,Arvore_Binaria,1,Ascendente,2000,cold,15,1935,1224.450000,1000022,2000001,1.443950,937,1907,OK
2,Arvore_Binaria,1,Ascendente,2000,cold,16,820,1221.780000,1000022,2000001,1.284750,823,1664,OK
2,Arvore_Binaria,1,Ascendente,2000,cold,17,1666,1219.500000,1000022,2000001,1.047990,668,1400,OK
2,Arvore_Binaria,1,Ascendente,2000,cold,18,1557,1213.310000,1000022,2000001,0.927986,559,1173,OK
2,Arvore_Binaria,1,Ascendente,2000,cold,19,1126,1219.860000,1000022,2000001,0.290514,128,280,OK
2,Arvore_Binaria,1,Ascendente,2000,cold,20,75,1222.280000,1000022,2000001,0.210935,78,229,OK
2,Arvore_Binaria,1,Ascendente,2000,cold,21,931,1213.000000,1000022,2000001,1.438800,934,1897,OK
2,Arvore_Binaria,1,Ascendente,2000,cold,22,180,1216.810000,1000022,2000001,0.349844,183,444,OK
2,Arvore_Binaria,1,Ascendente,2000,cold,23,644,1236.410000,1000022,2000001,1.012550,647,1336,OK
2,Arvore_Binaria,1,Ascendente,2000,cold,24,516,1215.800000,1000022,2000001,0.842747,519,1052,OK
2,Arvore_Binaria,1,Ascendente,2000,cold,25,662,1215.570000,1000022,2000001,1.046580,665,1390,OK
2,Arvore_Binaria,1,Ascendente,2000,cold,26,237,1220.190000,1000022,2000001,0.449451,240,515,OK
2,Arvore_Binaria,1,Ascendente,2000,cold,27,1986,1219.310000,1000022,2000001,1.504450,988,2060,OK
2,Arvore_Binaria,1,Ascendente,2000,cold,28,1582,1220.700000,1000022,2000001,0.942513,584,1248,OK
2,Arvore_Binaria,1,Ascendente,2000,cold,29,827,1212.830000,1000022,2000001,1.317190,830,1685,OK
2,Arvore_Binaria,1,Ascendente,2000,cold,30,1771,1219.550000,1000022,2000001,1.205740,773,1615,OK
2,Arvore_Binaria,1,Ascendente,2000,cold,31,1053,1214.170000,1000022,2000001,0.174146,55,161,OK
2,Arvore_Binaria,1,Ascendente,2000,cold,32,1689,1215.190000,1000022,2000001,1.091980,691,1469,OK
2,Arvore_Binaria,1,Ascendente,2000,cold,33,2,1218.580000,1000022,2000001,0.119904,5,10,OK
2,Arvore_Binaria,1,Ascendente,2000,cold,34,1346,1212.490000,1000022,2000001,0.596326,348,740,OK
2,Arvore_Binaria,1,Ascendente,2000,cold,35,1780,1217.380000,1000022,2000001,1.231660,782,1642,OK
2,Arvore_Binaria,1,Ascendente,2000,cold,36,1111,1214.860000,1000022,2000001,0.255288,113,235,OK
2,Arvore_Binaria,1,Ascendente,2000,cold,37,946,1215.600000,1000022,2000001,1.447690,949,1942,OK
2,Arvore_Binaria,1,Ascendente,2000,cold,38,846,1214.760000,1000022,2000001,1.329130,849,1742,OK
2,Arvore_Binaria,1,Ascendente,2000,cold,39,111,1214.030000,1000022,2000001,0.251290,114,237,OK
2,Arvore_Binaria,1,Ascendente,2000,cold,40,384,1228.590000,1000022,2000001,0.701853,387,856,OK
2,Arvore_Binaria,1,Ascendente,2000,cold,41,1061,1230.850000,1000022,2000001,0.180348,63,185,OK
2,Arvore_Binaria,1,Ascendente,2000,cold,42,740,1221.150000,1000022,2000001,1.173280,743,1524,OK
2,Arvore_Binaria,1,Ascendente,2000,cold,43,1275,1219.480000,1000022,2000001,0.510935,277,627,OK
2,Arvore_Binaria,1,Ascendente,2000,cold,44,1549,1219.730000,1000022,2000001,0.904612,551,1149,OK
2,Arvore_Binaria,1,Ascendente,2000,cold,45,1020,1215.320000,1000022,2000001,0.126396,22,62,OK
2,Arvore_Binaria,1,Ascendente,2000,cold,46,1280,1217.010000,1000022,2000001,0.510475,282,642,OK
2,Arvore_Binaria,1,Ascendente,2000,cold,47,905,1225.190000,1000022,2000001,1.406320,908,1819,OK
2,Arvore_Binaria,1,Ascendente,2000,cold,48,1556,1221.400000,1000022,2000001,0.918228,558,1170,OK
2,Arvore_Binaria,1,Ascendente,2000,cold,49,105,1214.510000,1000022,2000001,0.266850,108,219,OK
2,Arvore_Binaria,1,Ascendente,2000,cold,50,416,1213.900000,1000022,2000001,0.702374,419,852,OK
2,Arvore_Binaria,1,Ascendente,2000,cold,51,546,1217.510000,1000022,2000001,0.892018,549,1142,OK
2,Arvore_Binaria,1,Ascendente,2000,cold,52,1124,1216.410000,1000022,2000001,0.273121,126,274,OK
2,Arvore_Binaria,1,Ascendente,2000,cold,53,268,1214.440000,1000022,2000001,0.482302,271,608,OK
2,Arvore_Binaria,1,Ascendente,2000,cold,54,1899,1217.850000,1000022,2000001,1.380340,901,1899,OK
2,Arvore_Binaria,1,Ascendente,2000,cold,55,589,1227.960000,1000022,2000001,0.950308,592,1271,OK
2,Arvore_Binaria,1,Ascendente,2000,cold,56,897,1220.700000,1000022,2000001,1.394070,900,1895,OK
2,Arvore_Binaria,1,Ascendente,2000,cold,57,1803,1222.380000,1000022,2000001,1.268330,805,1611,OK
2,Arvore_Binaria,1,Ascendente,2000,cold,58,1430,1213.690000,1000022,2000001,0.729915,432,892,OK
2,Arvore_Binaria,1,Ascendente,2000,cold,59,992,1218.460000,1000022,2000001,1.514420,995,2080,OK
2,Arvore_Binaria,1,Ascendente,2000,cold,60,248,1216.860000,1000022,2000001,0.472071,251,548,OK
2,Arvore_Binaria,1,Ascendente,2000,cold,61,59,1223.270000,1000022,2000001,0.179515,62,181,OK
2,Arvore_Binaria,1,Ascendente,2000,cold,62,1993,1231.510000,1000022,2000001,1.499810,995,2081,OK
2,Arvore_Binaria,1,Ascendente,2000,cold,63,1290,1214.830000,1000022,2000001,0.519923,292,672,OK
2,Arvore_Binaria,1,Ascendente,2000,cold,64,1246,1216.070000,1000022,2000001,0.450242,248,540,OK
2,Arvore_Binaria,1,Ascendente,2000,cold,65,1636,1218.190000,1000022,2000001,0.998909,638,1310,OK
2,Arvore_Binaria,1,Ascendente,2000,cold,66,490,1216.020000,1000022,2000001,0.820305,493,1074,OK
2,Arvore_Binaria,1,Ascendente,2000,cold,67,1453,1220.930000,1000022,2000001,0.741086,455,961,OK
2,Arvore_Binaria,1,Ascendente,2000,cold,68,324,1246.510000,1000022,2000001,0.575367,327,676,OK
2,Arvore_Binaria,1,Ascendente,2000,cold,69,636,1215.110000,1000022,2000001,0.987528,639,1312,OK
2,Arvore_Binaria,1,Ascendente,2000,cold,70,1128,1219.840000,1000022,2000001,0.269154,130,286,OK
2,Arvore_Binaria,1,Ascendente,2000,cold,71,28,1213.090000,1000022,2000001,0.139140,31,88,OK
2,Arvore_Binaria,1,Ascendente,2000,cold,72,1131,1220.870000,1000022,2000001,0.285975,133,295,OK
2,Arvore_Binaria,1,Ascendente,2000,cold,73,835,1241.200000,1000022,2000001,1.333080,838,1709,OK
2,Arvore_Binaria,1,Ascendente,2000,cold,74,190,1222.160000,1000022,2000001,0.357459,193,474,OK
2,Arvore_Binaria,1,Ascendente,2000,cold,75,460,1225.970000,1000022,2000001,0.768397,463,984,OK
2,Arvore_Binaria,1,Ascendente,2000,cold,76,1723,1238.750000,1000022,2000001,1.116380,725,1471,OK
2,Arvore_Binaria,1,Ascendente,2000,cold,77,1869,1223.160000,1000022,2000001,1.328210,871,1809,OK
2,Arvore_Binaria,1,Ascendente,2000,cold,78,232,1223.850000,1000022,2000001,0.423422,235,500,OK
2,Arvore_Binaria,1,Ascendente,2000,cold,79,945,1213.670000,1000022,2000001,1.438390,948,1939,OK
2,Arvore_Binaria,1,Ascendente,2000,cold,80,1939,1220.970000,1000022,2000001,1.422750,941,1919,OK
2,Arvore_Binaria,1,Ascendente,2000,cold,81,240,1221.750000,1000022,2000001,0.435354,243,524,OK
2,Arvore_Binaria,1,Ascendente,2000,cold,82,1326,1212.700000,1000022,2000001,0.569595,328,680,OK
2,Arvore_Binaria,1,Ascendente,2000,cold,83,1704,1222.090000,1000022,2000001,1.094780,706,1414,OK
2,Arvore_Binaria,1,Ascendente,2000,cold,84,315,1217.210000,1000022,2000001,0.554929,318,649,OK
2,Arvore_Binaria,1,Ascendente,2000,cold,85,1020,1216.880000,1000022,2000001,0.115095,22,62,OK
2,Arvore_Binaria,1,Ascendente,2000,cold,86,1910,1215.060000,1000022,2000001,1.381360,912,1832,OK
2,Arvore_Binaria,1,Ascendente,2000,cold,87,1467,1219.890000,1000022,2000001,0.773737,469,1003,OK
2,Arvore_Binaria,1,Ascendente,2000,cold,88,597,1218.370000,1000022,2000001,0.926994,600,1295,OK
2,Arvore_Binaria,1,Ascendente,2000,cold,89,1042,1219.230000,1000022,2000001,0.147065,44,128,OK
2,Arvore_Binaria,1,Ascendente,2000,cold,90,1444,1218.500000,1000022,2000001,0.750133,446,934,OK
2,Arvore_Binaria,1,Ascendente,2000,cold,91,559,1216.730000,1000022,2000001,0.907697,562,1181,OK
2,Arvore_Binaria,1,Ascendente,2000,cold,92,850,1219.570000,1000022,2000001,1.308940,853,1754,OK
2,Arvore_Binaria,1,Ascendente,2000,cold,93,1709,1222.980000,1000022,2000001,1.115620,711,1429,OK
2,Arvore_Binaria,1,Ascendente,2000,cold,94,988,1219.030000,1000022,2000001,1.518760,991,2068,OK
2,Arvore_Binaria,1,Ascendente,2000,cold,95,967,1222.580000,1000022,2000001,1.469760,970,2005,OK
2,Arvore_Binaria,1,Ascendente,2000,cold,96,499,1223.400000,1000022,2000001,0.801689,502,1101,OK
2,Arvore_Binaria,1,Ascendente,2000,cold,97,935,1215.440000,1000022,2000001,1.428090,938,1909,OK
2,Arvore_Binaria,1,Ascendente,2000,cold,98,1128,1227.020000,1000022,2000001,0.290103,130,286,OK
2,Arvore_Binaria,1,Ascendente,2000,cold,99,296,1218.500000,1000022,2000001,0.528288,299,692,OK
2,Arvore_Binaria,1,Ascendente,2000,cold,100,785,1221.830000,1000022,2000001,1.221460,788,1659,OK
2,Arvore_Binaria,1,Ascendente,20000,cold,1,6245,60000.000000,0,0,0.000000,0,0,TIMEOUT
2,Arvore_Binaria,1,Ascendente,200000,cold,1,157123,60000.000000,0,0,0.000000,0,0,TIMEOUT
2,Arvore_Binaria,1,Ascendente,2000000,cold,1,1065858,60000.000000,0,0,0.000000,0,0,TIMEOUT
2,Arvore_Binaria,1,Ascendente,20,warm,1,2,0.026650,1,0,0.319708,5,10,OK
2,Arvore_Binaria,1,Ascendente,20,warm,2,8,0.023163,1,0,0.311262,11,28,OK
2,Arvore_Binaria,1,Ascendente,20,warm,3,13,0.022803,1,0,0.287438,5,21,OK
2,Arvore_Binaria,1,Ascendente,20,warm,4,10,0.023223,1,0,0.282309,2,12,OK
2,Arvore_Binaria,1,Ascendente,20,warm,5,16,0.023384,1,0,0.288811,8,30,OK
2,Arvore_Binaria,1,Ascendente,20,warm,6,8,0.023314,1,0,0.298449,11,28,OK
2,Arvore_Binaria,1,Ascendente,20,warm,7,0,0.027051,1,0,0.300152,3,4,OK
2,Arvore_Binaria,1,Ascendente,20,warm,8,9,0.022642,1,0,0.322925,12,31,OK
2,Arvore_Binaria,1,Ascendente,20,warm,9,9,0.023765,1,0,0.292437,12,31,OK
2,Arvore_Binaria,1,Ascendente,20,warm,10,18,0.023273,1,0,0.286587,10,36,OK
2,Arvore_Binaria,1,Ascendente,20,warm,11,18,0.023464,1,0,0.323115,10,36,OK
2,Arvore_Binaria,1,Ascendente,20,warm,12,15,0.023645,1,0,0.287288,7,27,OK
2,Arvore_Binaria,1,Ascendente,20,warm,13,4,0.023324,1,0,0.281807,7,16,OK
2,Arvore_Binaria,1,Ascendente,20,warm,14,14,0.023824,1,0,0.326592,6,24,OK
2,Arvore_Binaria,1,Ascendente,20,warm,15,17,0.023413,1,0,0.330518,9,33,OK
2,Arvore_Binaria,1,Ascendente,20,warm,16,15,0.023925,1,0,0.291456,7,27,OK
2,Arvore_Binaria,1,Ascendente,20,warm,17,11,0.023815,1,0,0.284632,3,15,OK
2,Arvore_Binaria,1,Ascendente,20,warm,18,10,0.023744,1,0,0.277931,2,12,OK
2,Arvore_Binaria,1,Ascendente,20,warm,19,17,0.023785,1,0,0.289832,9,33,OK
2,Arvore_Binaria,1,Ascendente,20,warm,20,17,0.023484,1,0,0.307025,9,33,OK
2,Arvore_Binaria,1,Ascendente,20,warm,21,12,0.023473,1,0,0.304790,4,18,OK
2,Arvore_Binaria,1,Ascendente,20,warm,22,14,0.023524,1,0,0.283701,6,24,OK
2,Arvore_Binaria,1,Ascendente,20,warm,23,10,0.023904,1,0,0.279002,2,12,OK
2,Arvore_Binaria,1,Ascendente,20,warm,24,6,0.023493,1,0,0.291817,9,22,OK
2,Arvore_Binaria,1,Ascendente,20,warm,25,7,0.026820,1,0,0.284803,10,25,OK
2,Arvore_Binaria,1,Ascendente,20,warm,26,18,0.023304,1,0,0.323505,10,36,OK
2,Arvore_Binaria,1,Ascendente,20,warm,27,12,0.023374,1,0,0.305181,4,18,OK
2,Arvore_Binaria,1,Ascendente,20,warm,28,7,0.023564,1,0,0.289883,10,25,OK
2,Arvore_Binaria,1,Ascendente,20,warm,29,13,0.023975,1,0,0.286967,5,21,OK
2,Arvore_Binaria,1,Ascendente,20,warm,30,1,0.023524,1,0,0.282248,4,7,OK
2,Arvore_Binaria,1,Ascendente,20,warm,31,10,0.023033,1,0,0.298288,2,12,OK
2,Arvore_Binaria,1,Ascendente,20,warm,32,15,0.023745,1,0,0.307475,7,27,OK
2,Arvore_Binaria,1,Ascendente,20,warm,33,12,0.023524,1,0,0.281357,4,18,OK
2,Arvore_Binaria,1,Ascendente,20,warm,34,12,0.023774,1,0,0.282169,4,18,OK
2,Arvore_Binaria,1,Ascendente,20,warm,35,4,0.023704,1,0,0.287197,7,16,OK
2,Arvore_Binaria,1,Ascendente,20,warm,36,15,0.027351,1,0,0.284122,7,27,OK
2,Arvore_Binaria,1,Ascendente,20,warm,37,1,0.022973,1,0,0.306824,4,7,OK
2,Arvore_Binaria,1,Ascendente,20,warm,38,4,0.023725,1,0,0.403074,7,16,OK
2,Arvore_Binaria,1,Ascendente,20,warm,39,16,0.023154,1,0,0.277870,8,30,OK
2,Arvore_Binaria,1,Ascendente,20,warm,40,18,0.023303,1,0,0.289422,10,36,OK
2,Arvore_Binaria,1,Ascendente,20,warm,41,10,0.023314,1,0,0.293429,2,12,OK
2,Arvore_Binaria,1,Ascendente,20,warm,42,3,0.023033,1,0,0.279062,6,13,OK
2,Arvore_Binaria,1,Ascendente,20,warm,43,14,0.023945,1,0,0.343984,6,24,OK
2,Arvore_Binaria,1,Ascendente,20,warm,44,3,0.026660,1,0,0.311763,6,13,OK
2,Arvore_Binaria,1,Ascendente,20,warm,45,16,0.023875,1,0,0.320981,8,30,OK
2,Arvore_Binaria,1,Ascendente,20,warm,46,14,0.023463,1,0,0.304270,6,24,OK
2,Arvore_Binaria,1,Ascendente,20,warm,47,0,0.023113,1,0,0.270777,3,4,OK
2,Arvore_Binaria,1,Ascendente,20,warm,48,4,0.023133,1,0,0.279233,7,16,OK
2,Arvore_Binaria,1,Ascendente,20,warm,49,13,0.023634,1,0,0.299481,5,21,OK
2,Arvore_Binaria,1,Ascendente,20,warm,50,4,0.023573,1,0,0.280334,7,16,OK
2,Arvore_Binaria,1,Ascendente,20,warm,51,2,0.023694,1,0,0.331260,5,10,OK
2,Arvore_Binaria,1,Ascendente,20,warm,52,15,0.023003,1,0,0.325179,7,27,OK
2,Arvore_Binaria,1,Ascendente,20,warm,53,8,0.022722,1,0,0.277810,11,28,OK
2,Arvore_Binaria,1,Ascendente,20,warm,54,10,0.026158,1,0,0.266689,2,12,OK
2,Arvore_Binaria,1,Ascendente,20,warm,55,19,0.022532,1,0,0.309900,11,39,OK
2,Arvore_Binaria,1,Ascendente,20,warm,56,12,0.023154,1,0,0.272239,4,18,OK
2,Arvore_Binaria,1,Ascendente,20,warm,57,2,0.022943,1,0,0.315901,5,10,OK
2,Arvore_Binaria,1,Ascendente,20,warm,58,10,0.022833,1,0,0.270005,2,12,OK
2,Arvore_Binaria,1,Ascendente,20,warm,59,17,0.023114,1,0,0.284382,9,33,OK
2,Arvore_Binaria,1,Ascendente,20,warm,60,12,0.023113,1,0,0.270436,4,18,OK
2,Arvore_Binaria,1,Ascendente,20,warm,61,10,0.022863,1,0,0.267992,2,12,OK
2,Arvore_Binaria,1,Ascendente,20,warm,62,15,0.022862,1,0,0.295673,7,27,OK
2,Arvore_Binaria,1,Ascendente,20,warm,63,17,0.023324,1,0,0.277990,9,33,OK
2,Arvore_Binaria,1,Ascendente,20,warm,64,1,0.022623,1,0,0.274233,4,7,OK
2,Arvore_Binaria,1,Ascendente,20,warm,65,19,0.023444,1,0,0.283190,11,39,OK
2,Arvore_Binaria,1,Ascendente,20,warm,66,2,0.023974,1,0,0.297617,5,10,OK
2,Arvore_Binaria,1,Ascendente,20,warm,67,7,0.030678,1,0,0.315090,10,25,OK
2,Arvore_Binaria,1,Ascendente,20,warm,68,9,0.022802,1,0,0.312845,12,31,OK
2,Arvore_Binaria,1,Ascendente,20,warm,69,7,0.023284,1,0,0.284532,10,25,OK
2,Arvore_Binaria,1,Ascendente,20,warm,70,2,0.023083,1,0,0.283240,5,10,OK
2,Arvore_Binaria,1,Ascendente,20,warm,71,13,0.022863,1,0,0.272901,5,21,OK
2,Arvore_Binaria,1,Ascendente,20,warm,72,3,0.023294,1,0,0.280976,6,13,OK
2,Arvore_Binaria,1,Ascendente,20,warm,73,3,0.023274,1,0,0.310030,6,13,OK
2,Arvore_Binaria,1,Ascendente,20,warm,74,14,0.023114,1,0,0.347380,6,24,OK
2,Arvore_Binaria,1,Ascendente,20,warm,75,5,0.022772,1,0,0.277419,8,19,OK
2,Arvore_Binaria,1,Ascendente,20,warm,76,9,0.022723,1,0,0.287077,12,31,OK
2,Arvore_Binaria,1,Ascendente,20,warm,77,0,0.023043,1,0,0.269916,3,4,OK
2,Arvore_Binaria,1,Ascendente,20,warm,78,1,0.023624,1,0,0.270035,4,7,OK
2,Arvore_Binaria,1,Ascendente,20,warm,79,10,0.023484,1,0,0.340367,2,12,OK
2,Arvore_Binaria,1,Ascendente,20,warm,80,1,0.022653,1,0,0.272510,4,7,OK
2,Arvore_Binaria,1,Ascendente,20,warm,81,9,0.023233,1,0,0.282378,12,31,OK
2,Arvore_Binaria,1,Ascendente,20,warm,82,11,0.022852,1,0,0.279152,3,15,OK
2,Arvore_Binaria,1,Ascendente,20,warm,83,11,0.023654,1,0,0.273512,3,15,OK
2,Arvore_Binaria,1,Ascendente,20,warm,84,13,0.058540,1,0,0.277499,5,21,OK
2,Arvore_Binaria,1,Ascendente,20,warm,85,4,0.023134,1,0,0.301695,7,16,OK
2,Arvore_Binaria,1,Ascendente,20,warm,86,7,0.023164,1,0,0.283150,10,25,OK
2,Arvore_Binaria,1,Ascendente,20,warm,87,16,0.023344,1,0,0.276668,8,30,OK
2,Arvore_Binaria,1,Ascendente,20,warm,88,13,0.023374,1,0,0.274564,5,21,OK
2,Arvore_Binaria,1,Ascendente,20,warm,89,18,0.022873,1,0,0.278601,10,36,OK
2,Arvore_Binaria,1,Ascendente,20,warm,90,5,0.026330,1,0,0.277379,8,19,OK
2,Arvore_Binaria,1,Ascendente,20,warm,91,5,0.023414,1,0,0.309630,8,19,OK
2,Arvore_Binaria,1,Ascendente,20,warm,92,5,0.023204,1,0,0.281256,8,19,OK
2,Arvore_Binaria,1,Ascendente,20,warm,93,2,0.026741,1,0,0.270566,5,10,OK
2,Arvore_Binaria,1,Ascendente,20,warm,94,19,0.023423,1,0,0.279594,11,39,OK
2,Arvore_Binaria,1,Ascendente,20,warm,95,12,0.023354,1,0,0.276618,4,18,OK
2,Arvore_Binaria,1,Ascendente,20,warm,96,19,0.024115,1,0,0.322704,11,39,OK
2,Arvore_Binaria,1,Ascendente,20,warm,97,7,0.023124,1,0,0.281828,10,25,OK
2,Arvore_Binaria,1,Ascendente,20,warm,98,15,0.024135,1,0,0.275155,7,27,OK
2,Arvore_Binaria,1,Ascendente,20,warm,99,18,0.023585,1,0,0.278271,10,36,OK
2,Arvore_Binaria,1,Ascendente,20,warm,100,4,0.023183,1,0,0.278472,7,16,OK
2,Arvore_Binaria,1,Ascendente,2000,warm,1,944,0.028914,1,0,1.703420,947,1936,OK
2,Arvore_Binaria,1,Ascendente,2000,warm,2,1306,0.026209,1,0,0.783306,308,620,OK
2,Arvore_Binaria,1,Ascendente,2000,warm,3,520,0.025357,1,0,1.106290,523,1064,OK
2,Arvore_Binaria,1,Ascendente,2000,warm,4,941,0.026159,1,0,1.717750,944,1927,OK
2,Arvore_Binaria,1,Ascendente,2000,warm,5,522,0.025077,1,0,1.065780,525,1070,OK
2,Arvore_Binaria,1,Ascendente,2000,warm,6,1365,0.025318,1,0,0.898762,367,797,OK
2,Arvore_Binaria,1,Ascendente,2000,warm,7,19,0.025167,1,0,0.361817,22,61,OK
2,Arvore_Binaria,1,Ascendente,2000,warm,8,1840,0.025187,1,0,1.542330,842,1722,OK
2,Arvore_Binaria,1,Ascendente,2000,warm,9,1647,0.025117,1,0,1.340780,649,1343,OK
2,Arvore_Binaria,1,Ascendente,2000,warm,10,952,0.025397,1,0,1.708930,955,1960,OK
2,Arvore_Binaria,1,Ascendente,2000,warm,11,1845,0.025738,1,0,1.551080,847,1737,OK
2,Arvore_Binaria,1,Ascendente,2000,warm,12,589,0.025528,1,0,1.244030,592,1271,OK
2,Arvore_Binaria,1,Ascendente,2000,warm,13,1387,0.026690,1,0,0.933387,389,863,OK
2,Arvore_Binaria,1,Ascendente,2000,warm,14,1119,0.025839,1,0,0.476251,121,259,OK
2,Arvore_Binaria,1,Ascendente,2000,warm,15,323,0.026510,1,0,0.786232,326,673,OK
2,Arvore_Binaria,1,Ascendente,2000,warm,16,151,0.028474,1,0,0.539610,154,357,OK
2,Arvore_Binaria,1,Ascendente,2000,warm,17,904,0.025598,1,0,1.639090,907,1816,OK
2,Arvore_Binaria,1,Ascendente,2000,warm,18,1935,0.024115,1,0,1.671040,937,1907,OK
2,Arvore_Binaria,1,Ascendente,2000,warm,19,707,0.025628,1,0,1.350160,710,1425,OK
2,Arvore_Binaria,1,Ascendente,2000,warm,20,1203,0.048310,1,0,0.593641,205,411,OK
2,Arvore_Binaria,1,Ascendente,2000,warm,21,612,0.026039,1,0,1.259800,615,1240,OK
2,Arvore_Binaria,1,Ascendente,2000,warm,22,1308,0.026069,1,0,0.747058,310,626,OK
2,Arvore_Binaria,1,Ascendente,2000,warm,23,1970,0.025327,1,0,1.725110,972,2012,OK
2,Arvore_Binaria,1,Ascendente,2000,warm,24,868,0.025829,1,0,1.607770,871,1808,OK
2,Arvore_Binaria,1,Ascendente,2000,warm,25,1413,0.025597,1,0,0.939799,415,841,OK
2,Arvore_Binaria,1,Ascendente,2000,warm,26,512,0.025417,1,0,1.052190,515,1040,OK
2,Arvore_Binaria,1,Ascendente,2000,warm,27,935,0.025017,1,0,1.718660,938,1909,OK
2,Arvore_Binaria,1,Ascendente,2000,warm,28,1731,0.026199,1,0,1.376850,733,1495,OK
2,Arvore_Binaria,1,Ascendente,2000,warm,29,618,0.046457,1,0,1.244880,621,1258,OK
2,Arvore_Binaria,1,Ascendente,2000,warm,30,407,0.025688,1,0,0.917807,410,825,OK
2,Arvore_Binaria,1,Ascendente,2000,warm,31,787,0.026058,1,0,1.460210,790,1665,OK
2,Arvore_Binaria,1,Ascendente,2000,warm,32,1747,0.025638,1,0,1.420700,749,1543,OK
2,Arvore_Binaria,1,Ascendente,2000,warm,33,989,0.025878,1,0,1.719540,992,2071,OK
2,Arvore_Binaria,1,Ascendente,2000,warm,34,218,0.028133,1,0,0.634498,221,458,OK
2,Arvore_Binaria,1,Ascendente,2000,warm,35,485,0.025357,1,0,1.037620,488,1059,OK
2,Arvore_Binaria,1,Ascendente,2000,warm,36,781,0.025648,1,0,1.439630,784,1647,OK
2,Arvore_Binaria,1,Ascendente,2000,warm,37,1171,0.026890,1,0,0.581829,173,415,OK
2,Arvore_Binaria,1,Ascendente,2000,warm,38,735,0.025658,1,0,1.378530,738,1509,OK
2,Arvore_Binaria,1,Ascendente,2000,warm,39,1177,0.025778,1,0,0.559737,179,433,OK
2,Arvore_Binaria,1,Ascendente,2000,warm,40,605,0.025728,1,0,1.187270,608,1219,OK
2,Arvore_Binaria,1,Ascendente,2000,warm,41,1432,0.025958,1,0,0.979700,434,898,OK
2,Arvore_Binaria,1,Ascendente,2000,warm,42,604,0.025568,1,0,1.210780,607,1216,OK
2,Arvore_Binaria,1,Ascendente,2000,warm,43,44,0.025848,1,0,0.378789,47,136,OK
2,Arvore_Binaria,1,Ascendente,2000,warm,44,1699,0.025719,1,0,1.364210,701,1499,OK
2,Arvore_Binaria,1,Ascendente,2000,warm,45,1348,0.025227,1,0,0.841224,350,746,OK
2,Arvore_Binaria,1,Ascendente,2000,warm,46,810,0.025197,1,0,1.509480,813,1634,OK
2,Arvore_Binaria,1,Ascendente,2000,warm,47,562,0.025748,1,0,1.125880,565,1190,OK
2,Arvore_Binaria,1,Ascendente,2000,warm,48,16,0.026610,1,0,0.352550,19,52,OK
2,Arvore_Binaria,1,Ascendente,2000,warm,49,1159,0.025017,1,0,0.531605,161,379,OK
2,Arvore_Binaria,1,Ascendente,2000,warm,50,1771,0.025548,1,0,1.459880,773,1615,OK
2,Arvore_Binaria,1,Ascendente,2000,warm,51,1404,0.025347,1,0,0.921375,406,814,OK
2,Arvore_Binaria,1,Ascendente,2000,warm,52,1593,0.026800,1,0,1.247400,595,1281,OK
2,Arvore_Binaria,1,Ascendente,2000,warm,53,1525,0.025858,1,0,1.075360,527,1077,OK
2,Arvore_Binaria,1,Ascendente,2000,warm,54,1993,0.026019,1,0,1.764350,995,2081,OK
2,Arvore_Binaria,1,Ascendente,2000,warm,55,100,0.023825,1,0,0.487372,103,204,OK
2,Arvore_Binaria,1,Ascendente,2000,warm,56,1864,0.025487,1,0,1.601700,866,1794,OK
2,Arvore_Binaria,1,Ascendente,2000,warm,57,1241,0.025718,1,0,0.688718,243,525,OK
2,Arvore_Binaria,1,Ascendente,2000,warm,58,1526,0.025758,1,0,1.087390,528,1080,OK
2,Arvore_Binaria,1,Ascendente,2000,warm,59,1017,0.025288,1,0,0.402834,19,53,OK
2,Arvore_Binaria,1,Ascendente,2000,warm,60,1705,0.025438,1,0,1.354110,707,1417,OK
2,Arvore_Binaria,1,Ascendente,2000,warm,61,1851,0.025989,1,0,1.628760,853,1755,OK
2,Arvore_Binaria,1,Ascendente,2000,warm,62,1849,0.025467,1,0,1.561070,851,1749,OK
2,Arvore_Binaria,1,Ascendente,2000,warm,63,586,0.025688,1,0,1.155430,589,1262,OK
2,Arvore_Binaria,1,Ascendente,2000,warm,64,1588,0.025688,1,0,1.217400,590,1266,OK
2,Arvore_Binaria,1,Ascendente,2000,warm,65,1636,0.025548,1,0,1.240340,638,1310,OK
2,Arvore_Binaria,1,Ascendente,2000,warm,66,471,0.025679,1,0,1.007850,474,1017,OK
2,Arvore_Binaria,1,Ascendente,2000,warm,67,1243,0.025317,1,0,0.691705,245,531,OK
2,Arvore_Binaria,1,Ascendente,2000,warm,68,1642,0.026460,1,0,1.240410,644,1328,OK
2,Arvore_Binaria,1,Ascendente,2000,warm,69,721,0.026389,1,0,1.352130,724,1467,OK
2,Arvore_Binaria,1,Ascendente,2000,warm,70,448,0.029145,1,0,0.968893,451,948,OK
2,Arvore_Binaria,1,Ascendente,2000,warm,71,1303,0.025548,1,0,0.763599,305,611,OK
2,Arvore_Binaria,1,Ascendente,2000,warm,72,389,0.025638,1,0,0.879707,392,871,OK
2,Arvore_Binaria,1,Ascendente,2000,warm,73,1271,0.025738,1,0,0.717253,273,615,OK
2,Arvore_Binaria,1,Ascendente,2000,warm,74,513,0.025567,1,0,1.134390,516,1043,OK
2,Arvore_Binaria,1,Ascendente,2000,warm,75,1388,0.025398,1,0,0.914602,390,866,OK
2,Arvore_Binaria,1,Ascendente,2000,warm,76,1547,0.027983,1,0,1.131910,549,1143,OK
2,Arvore_Binaria,1,Ascendente,2000,warm,77,1476,0.144711,1,0,1.042510,478,1030,OK
2,Arvore_Binaria,1,Ascendente,2000,warm,78,1571,0.026159,1,0,1.169440,573,1215,OK
2,Arvore_Binaria,1,Ascendente,2000,warm,79,1350,0.026740,1,0,0.858116,352,752,OK
2,Arvore_Binaria,1,Ascendente,2000,warm,80,1394,0.026890,1,0,0.938416,396,884,OK
2,Arvore_Binaria,1,Ascendente,2000,warm,81,1716,0.026029,1,0,1.403660,718,1450,OK
2,Arvore_Binaria,1,Ascendente,2000,warm,82,280,0.026450,1,0,0.728924,283,644,OK
2,Arvore_Binaria,1,Ascendente,2000,warm,83,1286,0.025347,1,0,0.721961,288,660,OK
2,Arvore_Binaria,1,Ascendente,2000,warm,84,198,0.026009,1,0,0.647291,201,498,OK
2,Arvore_Binaria,1,Ascendente,2000,warm,85,1850,0.026760,1,0,1.563300,852,1752,OK
2,Arvore_Binaria,1,Ascendente,2000,warm,86,1285,0.025307,1,0,0.813803,287,657,OK
2,Arvore_Binaria,1,Ascendente,2000,warm,87,1323,0.029305,1,0,0.802632,325,671,OK
2,Arvore_Binaria,1,Ascendente,2000,warm,88,80,0.025698,1,0,0.449551,83,244,OK
2,Arvore_Binaria,1,Ascendente,2000,warm,89,632,0.028283,1,0,1.270590,635,1300,OK
2,Arvore_Binaria,1,Ascendente,2000,warm,90,1615,0.026400,1,0,1.211830,617,1247,OK
2,Arvore_Binaria,1,Ascendente,2000,warm,91,902,0.028954,1,0,1.603920,905,1810,OK
2,Arvore_Binaria,1,Ascendente,2000,warm,92,68,0.026039,1,0,0.415688,71,208,OK
2,Arvore_Binaria,1,Ascendente,2000,warm,93,1186,0.026240,1,0,0.596175,188,460,OK
2,Arvore_Binaria,1,Ascendente,2000,warm,94,747,0.027211,1,0,1.430310,750,1545,OK
2,Arvore_Binaria,1,Ascendente,2000,warm,95,1499,0.026489,1,0,1.063280,501,1099,OK
2,Arvore_Binaria,1,Ascendente,2000,warm,96,269,0.025538,1,0,0.717583,272,611,OK
2,Arvore_Binaria,1,Ascendente,2000,warm,97,184,0.026319,1,0,0.610572,187,456,OK
2,Arvore_Binaria,1,Ascendente,2000,warm,98,1862,0.025859,1,0,1.598960,864,1788,OK
2,Arvore_Binaria,1,Ascendente,2000,warm,99,604,0.027041,1,0,1.215830,607,1216,OK
2,Arvore_Binaria,1,Ascendente,2000,warm,100,669,0.025537,1,0,1.298510,672,1411,OK
2,Arvore_Binaria,2,Descendente,20,cold,1,1999995,0.585546,103,201,0.045285,7,16,OK
2,Arvore_Binaria,2,Descendente,20,cold,2,1999982,0.562523,103,201,0.039013,9,33,OK
2,Arvore_Binaria,2,Descendente,20,cold,3,1999988,0.559166,103,201,0.031129,3,15,OK
2,Arvore_Binaria,2,Descendente,20,cold,4,1999983,0.562562,103,201,0.039995,8,30,OK
2,Arvore_Binaria,2,Descendente,20,cold,5,1999983,0.525073,103,201,0.035767,8,30,OK
2,Arvore_Binaria,2,Descendente,20,cold,6,1999991,0.531945,103,201,0.041077,11,28,OK
2,Arvore_Binaria,2,Descendente,20,cold,7,1999994,0.527628,103,201,0.053690,8,19,OK
2,Arvore_Binaria,2,Descendente,20,cold,8,1999991,0.550080,103,201,0.041077,11,28,OK
2,Arvore_Binaria,2,Descendente,20,cold,9,1999984,0.553656,103,201,0.036478,7,27,OK
2,Arvore_Binaria,2,Descendente,20,cold,10,1999990,0.550711,103,201,0.042439,12,31,OK
2,Arvore_Binaria,2,Descendente,20,cold,11,1999989,0.551913,103,201,0.031950,2,12,OK
2,Arvore_Binaria,2,Descendente,20,cold,12,1999996,0.566801,103,201,0.037039,6,13,OK
2,Arvore_Binaria,2,Descendente,20,cold,13,1999985,0.534981,103,201,0.073929,6,24,OK
2,Arvore_Binaria,2,Descendente,20,cold,14,1999997,0.637273,103,201,0.042329,5,10,OK
2,Arvore_Binaria,2,Descendente,20,cold,15,1999995,0.634447,103,201,0.045606,7,16,OK
2,Arvore_Binaria,2,Descendente,20,cold,16,1999992,0.572852,103,201,0.045786,10,25,OK
2,Arvore_Binaria,2,Descendente,20,cold,17,1999987,0.584374,103,201,0.036648,4,18,OK
2,Arvore_Binaria,2,Descendente,20,cold,18,1999982,0.567141,103,201,0.044033,9,33,OK
2,Arvore_Binaria,2,Descendente,20,cold,19,1999988,0.584453,103,201,0.040055,3,15,OK
2,Arvore_Binaria,2,Descendente,20,cold,20,1999997,0.541634,103,201,0.033713,5,10,OK
2,Arvore_Binaria,2,Descendente,20,cold,21,1999987,0.528959,103,201,0.033592,4,18,OK
2,Arvore_Binaria,2,Descendente,20,cold,22,1999999,0.561881,103,201,0.037370,3,4,OK
2,Arvore_Binaria,2,Descendente,20,cold,23,1999991,0.566330,103,201,0.043641,11,28,OK
2,Arvore_Binaria,2,Descendente,20,cold,24,1999982,0.569707,103,201,0.042499,9,33,OK
2,Arvore_Binaria,2,Descendente,20,cold,25,1999996,0.592348,103,201,0.038913,6,13,OK
2,Arvore_Binaria,2,Descendente,20,cold,26,1999985,0.549819,103,201,0.039143,6,24,OK
2,Arvore_Binaria,2,Descendente,20,cold,27,1999988,0.589794,103,201,0.032701,3,15,OK
2,Arvore_Binaria,2,Descendente,20,cold,28,1999991,0.604121,103,201,0.043982,11,28,OK
2,Arvore_Binaria,2,Descendente,20,cold,29,1999981,0.566610,103,201,0.042971,10,36,OK
2,Arvore_Binaria,2,Descendente,20,cold,30,1999987,0.526104,103,201,0.035326,4,18,OK
2,Arvore_Binaria,2,Descendente,20,cold,31,1999988,0.529280,103,201,0.031299,3,15,OK
2,Arvore_Binaria,2,Descendente,20,cold,32,1999996,0.529932,103,201,0.036820,6,13,OK
2,Arvore_Binaria,2,Descendente,20,cold,33,1999992,0.565829,103,201,0.046046,10,25,OK
2,Arvore_Binaria,2,Descendente,20,cold,34,1999984,0.568684,103,201,0.046117,7,27,OK
2,Arvore_Binaria,2,Descendente,20,cold,35,1999999,0.568254,103,201,0.034424,3,4,OK
2,Arvore_Binaria,2,Descendente,20,cold,36,1999980,0.534951,103,201,0.042849,11,39,OK
2,Arvore_Binaria,2,Descendente,20,cold,37,1999982,0.528108,103,201,0.042138,9,33,OK
2,Arvore_Binaria,2,Descendente,20,cold,38,1999989,0.535892,103,201,0.051907,2,12,OK
2,Arvore_Binaria,2,Descendente,20,cold,39,1999980,0.568644,103,201,0.055324,11,39,OK
2,Arvore_Binaria,2,Descendente,20,cold,40,1999992,0.568534,103,201,0.046086,10,25,OK
2,Arvore_Binaria,2,Descendente,20,cold,41,1999997,0.547355,103,201,0.047579,5,10,OK
2,Arvore_Binaria,2,Descendente,20,cold,42,1999985,0.585005,103,201,0.041738,6,24,OK
2,Arvore_Binaria,2,Descendente,20,cold,43,1999990,0.583753,103,201,0.047288,12,31,OK
2,Arvore_Binaria,2,Descendente,20,cold,44,1999986,0.541574,103,201,0.036588,5,21,OK
2,Arvore_Binaria,2,Descendente,20,cold,45,1999996,0.531735,103,201,0.044915,6,13,OK
2,Arvore_Binaria,2,Descendente,20,cold,46,1999995,0.601827,103,201,0.044403,7,16,OK
2,Arvore_Binaria,2,Descendente,20,cold,47,1999998,0.641150,103,201,0.038753,4,7,OK
2,Arvore_Binaria,2,Descendente,20,cold,48,1999998,0.539129,103,201,0.037150,4,7,OK
2,Arvore_Binaria,2,Descendente,20,cold,49,1999990,0.584825,103,201,0.052749,12,31,OK
2,Arvore_Binaria,2,Descendente,20,cold,50,1999984,0.623977,103,201,0.039334,7,27,OK
2,Arvore_Binaria,2,Descendente,20,cold,51,1999996,0.567843,103,201,0.040346,6,13,OK
2,Arvore_Binaria,2,Descendente,20,cold,52,1999996,0.526776,103,201,0.034053,6,13,OK
2,Arvore_Binaria,2,Descendente,20,cold,53,1999992,0.529481,103,201,0.042359,10,25,OK
2,Arvore_Binaria,2,Descendente,20,cold,54,1999982,0.559778,103,201,0.040346,9,33,OK
2,Arvore_Binaria,2,Descendente,20,cold,55,1999995,0.549439,103,201,0.038733,7,16,OK
2,Arvore_Binaria,2,Descendente,20,cold,56,1999987,0.563043,103,201,0.033082,4,18,OK
2,Arvore_Binaria,2,Descendente,20,cold,57,1999985,0.568363,103,201,0.034114,6,24,OK
2,Arvore_Binaria,2,Descendente,20,cold,58,1999988,0.529631,103,201,0.032761,3,15,OK
2,Arvore_Binaria,2,Descendente,20,cold,59,1999982,0.528639,103,201,0.057037,9,33,OK
2,Arvore_Binaria,2,Descendente,20,cold,60,1999986,0.615762,103,201,0.036017,5,21,OK
2,Arvore_Binaria,2,Descendente,20,cold,61,1999981,0.583873,103,201,0.047328,10,36,OK
2,Arvore_Binaria,2,Descendente,20,cold,62,1999995,0.566270,103,201,0.035246,7,16,OK
2,Arvore_Binaria,2,Descendente,20,cold,63,1999986,0.531845,103,201,0.034715,5,21,OK
2,Arvore_Binaria,2,Descendente,20,cold,64,1999996,0.527868,103,201,0.035777,6,13,OK
2,Arvore_Binaria,2,Descendente,20,cold,65,1999984,0.525253,103,201,0.038833,7,27,OK
2,Arvore_Binaria,2,Descendente,20,cold,66,1999980,0.576188,103,201,0.044363,11,39,OK
2,Arvore_Binaria,2,Descendente,20,cold,67,1999986,0.564296,103,201,0.036197,5,21,OK
2,Arvore_Binaria,2,Descendente,20,cold,68,1999991,0.577050,103,201,0.043311,11,28,OK
2,Arvore_Binaria,2,Descendente,20,cold,69,1999998,0.568484,103,201,0.033883,4,7,OK
2,Arvore_Binaria,2,Descendente,20,cold,70,1999988,0.513871,103,201,0.030598,3,15,OK
2,Arvore_Binaria,2,Descendente,20,cold,71,1999993,0.514583,103,201,0.041117,9,22,OK
2,Arvore_Binaria,2,Descendente,20,cold,72,1999985,0.537737,103,201,0.036729,6,24,OK
2,Arvore_Binaria,2,Descendente,20,cold,73,1999985,0.599982,103,201,0.037099,6,24,OK
2,Arvore_Binaria,2,Descendente,20,cold,74,1999992,0.552894,103,201,0.042340,10,25,OK
2,Arvore_Binaria,2,Descendente,20,cold,75,1999988,0.552003,103,201,0.034644,3,15,OK
2,Arvore_Binaria,2,Descendente,20,cold,76,1999996,0.554628,103,201,0.034735,6,13,OK
2,Arvore_Binaria,2,Descendente,20,cold,77,1999988,0.524602,103,201,0.032691,3,15,OK
2,Arvore_Binaria,2,Descendente,20,cold,78,1999982,0.533498,103,201,0.041667,9,33,OK
2,Arvore_Binaria,2,Descendente,20,cold,79,1999988,0.524672,103,201,0.031759,3,15,OK
2,Arvore_Binaria,2,Descendente,20,cold,80,1999998,0.544669,103,201,0.036077,4,7,OK
2,Arvore_Binaria,2,Descendente,20,cold,81,1999987,0.560368,103,201,0.039815,4,18,OK
2,Arvore_Binaria,2,Descendente,20,cold,82,1999991,0.645598,103,201,0.044894,11,28,OK
2,Arvore_Binaria,2,Descendente,20,cold,83,1999993,0.528780,103,201,0.040305,9,22,OK
2,Arvore_Binaria,2,Descendente,20,cold,84,1999996,0.523419,103,201,0.041918,6,13,OK
2,Arvore_Binaria,2,Descendente,20,cold,85,1999985,0.522878,103,201,0.038512,6,24,OK
2,Arvore_Binaria,2,Descendente,20,cold,86,1999997,0.541162,103,201,0.036237,5,10,OK
2,Arvore_Binaria,2,Descendente,20,cold,87,1999993,0.559878,103,201,0.041658,9,22,OK
2,Arvore_Binaria,2,Descendente,20,cold,88,1999980,0.546963,103,201,0.044352,11,39,OK
2,Arvore_Binaria,2,Descendente,20,cold,89,1999999,0.565829,103,201,0.034224,3,4,OK
2,Arvore_Binaria,2,Descendente,20,cold,90,1999998,0.521346,103,201,0.033162,4,7,OK
2,Arvore_Binaria,2,Descendente,20,cold,91,1999989,0.522788,103,201,0.035136,2,12,OK
2,Arvore_Binaria,2,Descendente,20,cold,92,1999992,0.519492,103,201,0.045285,10,25,OK
2,Arvore_Binaria,2,Descendente,20,cold,93,1999995,0.522398,103,201,0.152155,7,16,OK
2,Arvore_Binaria,2,Descendente,20,cold,94,1999981,0.558656,103,201,0.045966,10,36,OK
2,Arvore_Binaria,2,Descendente,20,cold,95,1999993,0.547735,103,201,0.042600,9,22,OK
2,Arvore_Binaria,2,Descendente,20,cold,96,1999997,0.555760,103,201,0.035927,5,10,OK
2,Arvore_Binaria,2,Descendente,20,cold,97,1999982,0.630079,103,201,0.038943,9,33,OK
2,Arvore_Binaria,2,Descendente,20,cold,98,1999993,0.515695,103,201,0.037320,9,22,OK
2,Arvore_Binaria,2,Descendente,20,cold,99,1999981,0.518710,103,201,0.041127,10,36,OK
2,Arvore_Binaria,2,Descendente,20,cold,100,1999993,0.517608,103,201,0.042639,9,22,OK
2,Arvore_Binaria,2,Descendente,2000,cold,1,1998334,1244.430000,1000022,2000001,1.069620,667,1397,OK
2,Arvore_Binaria,2,Descendente,2000,cold,2,1998218,1251.520000,1000022,2000001,1.267100,783,1645,OK
2,Arvore_Binaria,2,Descendente,2000,cold,3,1999522,1257.500000,1000022,2000001,0.809936,480,1035,OK
2,Arvore_Binaria,2,Descendente,2000,cold,4,1999327,1268.120000,1000022,2000001,1.090330,675,1420,OK
2,Arvore_Binaria,2,Descendente,2000,cold,5,1998414,1256.720000,1000022,2000001,0.957812,587,1257,OK
2,Arvore_Binaria,2,Descendente,2000,cold,6,1999697,1271.820000,1000022,2000001,0.525303,305,610,OK
2,Arvore_Binaria,2,Descendente,2000,cold,7,1998384,1259.990000,1000022,2000001,1.033690,617,1247,OK
2,Arvore_Binaria,2,Descendente,2000,cold,8,1998155,1260.760000,1000022,2000001,1.340740,846,1734,OK
2,Arvore_Binaria,2,Descendente,2000,cold,9,1998779,1272.770000,1000022,2000001,0.420628,222,462,OK
2,Arvore_Binaria,2,Descendente,2000,cold,10,1999994,1261.820000,1000022,2000001,0.111739,8,19,OK
2,Arvore_Binaria,2,Descendente,2000,cold,11,1999432,1266.660000,1000022,2000001,0.932776,570,1205,OK
2,Arvore_Binaria,2,Descendente,2000,cold,12,1998241,1253.530000,1000022,2000001,1.216950,760,1576,OK
2,Arvore_Binaria,2,Descendente,2000,cold,13,1999703,1269.410000,1000022,2000001,0.514583,299,692,OK
2,Arvore_Binaria,2,Descendente,2000,cold,14,1999733,1264.260000,1000022,2000001,0.486891,269,602,OK
2,Arvore_Binaria,2,Descendente,2000,cold,15,1998893,1270.760000,1000022,2000001,0.246190,108,220,OK
2,Arvore_Binaria,2,Descendente,2000,cold,16,1999486,1253.480000,1000022,2000001,0.850321,516,1043,OK
2,Arvore_Binaria,2,Descendente,2000,cold,17,1998364,1257.580000,1000022,2000001,1.050500,637,1307,OK
2,Arvore_Binaria,2,Descendente,2000,cold,18,1999642,1259.520000,1000022,2000001,0.621483,360,775,OK
2,Arvore_Binaria,2,Descendente,2000,cold,19,1999774,1274.470000,1000022,2000001,0.417511,228,479,OK
2,Arvore_Binaria,2,Descendente,2000,cold,20,1998646,1256.500000,1000022,2000001,0.636742,355,761,OK
2,Arvore_Binaria,2,Descendente,2000,cold,21,1998225,1257.750000,1000022,2000001,1.295810,776,1624,OK
2,Arvore_Binaria,2,Descendente,2000,cold,22,1999947,1259.270000,1000022,2000001,0.159398,55,160,OK
2,Arvore_Binaria,2,Descendente,2000,cold,23,1999730,1260.620000,1000022,2000001,0.492442,272,611,OK
2,Arvore_Binaria,2,Descendente,2000,cold,24,1999969,1272.900000,1000022,2000001,0.144160,33,94,OK
2,Arvore_Binaria,2,Descendente,2000,cold,25,1999266,1268.410000,1000022,2000001,1.178350,736,1503,OK
2,Arvore_Binaria,2,Descendente,2000,cold,26,1998382,1260.020000,1000022,2000001,1.009320,619,1253,OK
2,Arvore_Binaria,2,Descendente,2000,cold,27,1998385,1272.900000,1000022,2000001,0.999060,616,1244,OK
2,Arvore_Binaria,2,Descendente,2000,cold,28,1999512,1264.720000,1000022,2000001,0.808002,490,1065,OK
2,Arvore_Binaria,2,Descendente,2000,cold,29,1998794,1257.880000,1000022,2000001,0.391590,207,417,OK
2,Arvore_Binaria,2,Descendente,2000,cold,30,1999336,1259.090000,1000022,2000001,1.090650,666,1393,OK
2,Arvore_Binaria,2,Descendente,2000,cold,31,1999967,1260.700000,1000022,2000001,0.139772,35,100,OK
2,Arvore_Binaria,2,Descendente,2000,cold,32,1999643,1256.950000,1000022,2000001,0.635369,359,772,OK
2,Arvore_Binaria,2,Descendente,2000,cold,33,1999456,1269.630000,1000022,2000001,0.903661,546,1133,OK
2,Arvore_Binaria,2,Descendente,2000,cold,34,1999892,1259.260000,1000022,2000001,0.253245,110,225,OK
2,Arvore_Binaria,2,Descendente,2000,cold,35,1999740,1260.880000,1000022,2000001,0.501469,262,581,OK
2,Arvore_Binaria,2,Descendente,2000,cold,36,1998480,1256.600000,1000022,2000001,0.867693,521,1059,OK
2,Arvore_Binaria,2,Descendente,2000,cold,37,1999137,1256.560000,1000022,2000001,1.368690,865,1790,OK
2,Arvore_Binaria,2,Descendente,2000,cold,38,1998922,1260.180000,1000022,2000001,0.205104,79,233,OK
2,Arvore_Binaria,2,Descendente,2000,cold,39,1999767,1262.800000,1000022,2000001,0.451234,235,500,OK
2,Arvore_Binaria,2,Descendente,2000,cold,40,1998472,1264.250000,1000022,2000001,0.880006,529,1083,OK
2,Arvore_Binaria,2,Descendente,2000,cold,41,1999869,1264.020000,1000022,2000001,0.284483,133,294,OK
2,Arvore_Binaria,2,Descendente,2000,cold,42,1999024,1259.110000,1000022,2000001,1.556520,978,2029,OK
2,Arvore_Binaria,2,Descendente,2000,cold,43,1999081,1268.280000,1000022,2000001,1.484140,921,1858,OK
2,Arvore_Binaria,2,Descendente,2000,cold,44,1998406,1257.760000,1000022,2000001,0.971859,595,1281,OK
2,Arvore_Binaria,2,Descendente,2000,cold,45,1999258,1261.350000,1000022,2000001,1.197820,744,1527,OK
2,Arvore_Binaria,2,Descendente,2000,cold,46,1998948,1261.480000,1000022,2000001,0.160831,53,155,OK
2,Arvore_Binaria,2,Descendente,2000,cold,47,1998784,1283.810000,1000022,2000001,0.435695,217,447,OK
2,Arvore_Binaria,2,Descendente,2000,cold,48,1999776,1264.930000,1000022,2000001,0.463757,226,473,OK
2,Arvore_Binaria,2,Descendente,2000,cold,49,1999074,1264.950000,1000022,2000001,1.467420,928,1879,OK
2,Arvore_Binaria,2,Descendente,2000,cold,50,1998968,1263.030000,1000022,2000001,0.129211,33,95,OK
2,Arvore_Binaria,2,Descendente,2000,cold,51,1999546,1274.970000,1000022,2000001,0.756655,456,963,OK
2,Arvore_Binaria,2,Descendente,2000,cold,52,1998063,1263.620000,1000022,2000001,1.489080,938,1910,OK
2,Arvore_Binaria,2,Descendente,2000,cold,53,1998740,1269.210000,1000022,2000001,0.479827,261,579,OK
2,Arvore_Binaria,2,Descendente,2000,cold,54,1999911,1258.910000,1000022,2000001,0.228748,91,268,OK
2,Arvore_Binaria,2,Descendente,2000,cold,55,1998510,1264.280000,1000022,2000001,0.831964,491,1069,OK
2,Arvore_Binaria,2,Descendente,2000,cold,56,1998395,1284.580000,1000022,2000001,1.044090,606,1214,OK
2,Arvore_Binaria,2,Descendente,2000,cold,57,1998138,1287.240000,1000022,2000001,1.380390,863,1785,OK
2,Arvore_Binaria,2,Descendente,2000,cold,58,1998224,1268.650000,1000022,2000001,1.253610,777,1627,OK
2,Arvore_Binaria,2,Descendente,2000,cold,59,1998650,1270.540000,1000022,2000001,0.627865,351,749,OK
2,Arvore_Binaria,2,Descendente,2000,cold,60,1998932,1260.910000,1000022,2000001,0.214241,69,203,OK
2,Arvore_Binaria,2,Descendente,2000,cold,61,1999382,1263.100000,1000022,2000001,1.029270,620,1255,OK
2,Arvore_Binaria,2,Descendente,2000,cold,62,1999061,1264.540000,1000022,2000001,1.486700,941,1918,OK
2,Arvore_Binaria,2,Descendente,2000,cold,63,1998682,1262.260000,1000022,2000001,0.563905,319,653,OK
2,Arvore_Binaria,2,Descendente,2000,cold,64,1998025,1261.500000,1000022,2000001,1.532760,976,2024,OK
2,Arvore_Binaria,2,Descendente,2000,cold,65,1999936,1267.570000,1000022,2000001,0.188803,66,193,OK
2,Arvore_Binaria,2,Descendente,2000,cold,66,1999875,1273.620000,1000022,2000001,0.273632,127,276,OK
2,Arvore_Binaria,2,Descendente,2000,cold,67,1999019,1262.050000,1000022,2000001,1.590820,983,2044,OK
2,Arvore_Binaria,2,Descendente,2000,cold,68,1998264,1263.720000,1000022,2000001,1.191550,737,1507,OK
2,Arvore_Binaria,2,Descendente,2000,cold,69,1999177,1258.710000,1000022,2000001,1.324350,825,1670,OK
2,Arvore_Binaria,2,Descendente,2000,cold,70,1999126,1268.280000,1000022,2000001,1.415910,876,1823,OK
2,Arvore_Binaria,2,Descendente,2000,cold,71,1998594,1273.560000,1000022,2000001,0.712102,407,817,OK
2,Arvore_Binaria,2,Descendente,2000,cold,72,1999778,1257.100000,1000022,2000001,0.425015,224,467,OK
2,Arvore_Binaria,2,Descendente,2000,cold,73,1998995,1267.680000,1000022,2000001,0.093414,6,14,OK
2,Arvore_Binaria,2,Descendente,2000,cold,74,1998541,1260.580000,1000022,2000001,0.785840,460,976,OK
2,Arvore_Binaria,2,Descendente,2000,cold,75,1998136,1272.350000,1000022,2000001,1.426930,865,1791,OK
2,Arvore_Binaria,2,Descendente,2000,cold,76,1999091,1262.950000,1000022,2000001,1.444810,911,1828,OK
2,Arvore_Binaria,2,Descendente,2000,cold,77,1999849,1262.090000,1000022,2000001,0.334335,153,354,OK
2,Arvore_Binaria,2,Descendente,2000,cold,78,1998158,1266.770000,1000022,2000001,1.334690,843,1725,OK
2,Arvore_Binaria,2,Descendente,2000,cold,79,1999834,1262.580000,1000022,2000001,0.342701,168,399,OK
2,Arvore_Binaria,2,Descendente,2000,cold,80,1999340,1263.700000,1000022,2000001,1.063010,662,1381,OK
2,Arvore_Binaria,2,Descendente,2000,cold,81,1998754,1258.750000,1000022,2000001,0.458658,247,537,OK
2,Arvore_Binaria,2,Descendente,2000,cold,82,1999696,1261.880000,1000022,2000001,0.653493,306,613,OK
2,Arvore_Binaria,2,Descendente,2000,cold,83,1999865,1261.590000,1000022,2000001,0.296855,137,306,OK
2,Arvore_Binaria,2,Descendente,2000,cold,84,1999741,1265.120000,1000022,2000001,0.487682,261,578,OK
2,Arvore_Binaria,2,Descendente,2000,cold,85,1999436,1266.790000,1000022,2000001,0.943565,566,1193,OK
2,Arvore_Binaria,2,Descendente,2000,cold,86,1998721,1259.660000,1000022,2000001,0.516448,280,636,OK
2,Arvore_Binaria,2,Descendente,2000,cold,87,1998703,1262.160000,1000022,2000001,0.530695,298,690,OK
2,Arvore_Binaria,2,Descendente,2000,cold,88,1998801,1262.330000,1000022,2000001,0.387856,200,496,OK
2,Arvore_Binaria,2,Descendente,2000,cold,89,1998876,1264.530000,1000022,2000001,0.283270,125,271,OK
2,Arvore_Binaria,2,Descendente,2000,cold,90,1998541,1263.990000,1000022,2000001,0.835673,460,976,OK
2,Arvore_Binaria,2,Descendente,2000,cold,91,1999334,1270.370000,1000022,2000001,1.094910,668,1399,OK
2,Arvore_Binaria,2,Descendente,2000,cold,92,1999219,1266.150000,1000022,2000001,1.251400,783,1644,OK
2,Arvore_Binaria,2,Descendente,2000,cold,93,1998776,1258.630000,1000022,2000001,0.429615,225,471,OK
2,Arvore_Binaria,2,Descendente,2000,cold,94,1998913,1265.280000,1000022,2000001,0.220162,88,260,OK
2,Arvore_Binaria,2,Descendente,2000,cold,95,1999396,1261.890000,1000022,2000001,0.998559,606,1213,OK
2,Arvore_Binaria,2,Descendente,2000,cold,96,1999070,1261.730000,1000022,2000001,1.491680,932,1891,OK
2,Arvore_Binaria,2,Descendente,2000,cold,97,1998964,1263.620000,1000022,2000001,0.147185,37,107,OK
2,Arvore_Binaria,2,Descendente,2000,cold,98,1998760,1291.190000,1000022,2000001,0.614890,241,519,OK
2,Arvore_Binaria,2,Descendente,2000,cold,99,1999118,1263.260000,1000022,2000001,1.416280,884,1847,OK
2,Arvore_Binaria,2,Descendente,2000,cold,100,1999796,1259.220000,1000022,2000001,0.416539,206,413,OK
2,Arvore_Binaria,2,Descendente,20000,cold,1,1996250,60000.000000,0,0,0.000000,0,0,TIMEOUT
2,Arvore_Binaria,2,Descendente,200000,cold,1,1828370,60000.000000,0,0,0.000000,0,0,TIMEOUT
2,Arvore_Binaria,2,Descendente,2000000,cold,1,634928,60000.000000,0,0,0.000000,0,0,TIMEOUT
2,Arvore_Binaria,2,Descendente,20,warm,1,1999993,0.063800,1,0,0.312144,9,22,OK
2,Arvore_Binaria,2,Descendente,20,warm,2,1999986,0.023474,1,0,0.331691,5,21,OK
2,Arvore_Binaria,2,Descendente,20,warm,3,1999985,0.023575,1,0,0.332623,6,24,OK
2,Arvore_Binaria,2,Descendente,20,warm,4,1999992,0.023394,1,0,0.326872,10,25,OK
2,Arvore_Binaria,2,Descendente,20,warm,5,1999986,0.023193,1,0,0.336650,5,21,OK
2,Arvore_Binaria,2,Descendente,20,warm,6,1999989,0.023284,1,0,0.337371,2,12,OK
2,Arvore_Binaria,2,Descendente,20,warm,7,1999985,0.023714,1,0,0.287047,6,24,OK
2,Arvore_Binaria,2,Descendente,20,warm,8,1999987,0.023293,1,0,0.284493,4,18,OK
2,Arvore_Binaria,2,Descendente,20,warm,9,1999986,0.025017,1,0,0.297476,5,21,OK
2,Arvore_Binaria,2,Descendente,20,warm,10,1999996,0.023975,1,0,0.321752,6,13,OK
2,Arvore_Binaria,2,Descendente,20,warm,11,1999989,0.023093,1,0,0.294441,2,12,OK
2,Arvore_Binaria,2,Descendente,20,warm,12,1999986,0.023945,1,0,0.289261,5,21,OK
2,Arvore_Binaria,2,Descendente,20,warm,13,1999989,0.023705,1,0,0.283290,2,12,OK
2,Arvore_Binaria,2,Descendente,20,warm,14,1999991,0.024506,1,0,0.327162,11,28,OK
2,Arvore_Binaria,2,Descendente,20,warm,15,1999988,0.035497,1,0,0.303969,3,15,OK
2,Arvore_Binaria,2,Descendente,20,warm,16,1999995,0.023975,1,0,0.344124,7,16,OK
2,Arvore_Binaria,2,Descendente,20,warm,17,1999984,0.023795,1,0,0.315580,7,27,OK
2,Arvore_Binaria,2,Descendente,20,warm,18,1999997,0.023515,1,0,0.349714,5,10,OK
2,Arvore_Binaria,2,Descendente,20,warm,19,1999997,0.023274,1,0,0.289071,5,10,OK
2,Arvore_Binaria,2,Descendente,20,warm,20,1999997,0.023183,1,0,0.280634,5,10,OK
2,Arvore_Binaria,2,Descendente,20,warm,21,1999997,0.023213,1,0,0.287828,5,10,OK
2,Arvore_Binaria,2,Descendente,20,warm,22,1999986,0.023373,1,0,0.288309,5,21,OK
2,Arvore_Binaria,2,Descendente,20,warm,23,1999996,0.023254,1,0,0.309739,6,13,OK
2,Arvore_Binaria,2,Descendente,20,warm,24,1999988,0.022732,1,0,0.305802,3,15,OK
2,Arvore_Binaria,2,Descendente,20,warm,25,1999995,0.023544,1,0,0.293349,7,16,OK
2,Arvore_Binaria,2,Descendente,20,warm,26,1999982,0.023033,1,0,0.295092,9,33,OK
2,Arvore_Binaria,2,Descendente,20,warm,27,1999998,0.023604,1,0,0.285304,4,7,OK
2,Arvore_Binaria,2,Descendente,20,warm,28,1999981,0.023514,1,0,0.295403,10,36,OK
2,Arvore_Binaria,2,Descendente,20,warm,29,1999982,0.022983,1,0,0.314278,9,33,OK
2,Arvore_Binaria,2,Descendente,20,warm,30,1999982,0.023364,1,0,0.315921,9,33,OK
2,Arvore_Binaria,2,Descendente,20,warm,31,1999989,0.023194,1,0,0.279973,2,12,OK
2,Arvore_Binaria,2,Descendente,20,warm,32,1999996,0.023544,1,0,0.286356,6,13,OK
2,Arvore_Binaria,2,Descendente,20,warm,33,1999986,0.023344,1,0,0.287858,5,21,OK
2,Arvore_Binaria,2,Descendente,20,warm,34,1999988,0.023614,1,0,0.284553,3,15,OK
2,Arvore_Binaria,2,Descendente,20,warm,35,1999986,0.026871,1,0,0.285534,5,21,OK
2,Arvore_Binaria,2,Descendente,20,warm,36,1999998,0.023394,1,0,0.305361,4,7,OK
2,Arvore_Binaria,2,Descendente,20,warm,37,1999990,0.023234,1,0,0.312946,12,31,OK
2,Arvore_Binaria,2,Descendente,20,warm,38,1999980,0.023173,1,0,0.329647,11,39,OK
2,Arvore_Binaria,2,Descendente,20,warm,39,1999990,0.023754,1,0,0.291526,12,31,OK
2,Arvore_Binaria,2,Descendente,20,warm,40,1999988,0.022822,1,0,0.283380,3,15,OK
2,Arvore_Binaria,2,Descendente,20,warm,41,1999996,0.023584,1,0,0.289001,6,13,OK
2,Arvore_Binaria,2,Descendente,20,warm,42,1999981,0.023604,1,0,0.296474,10,36,OK
2,Arvore_Binaria,2,Descendente,20,warm,43,1999983,0.022703,1,0,0.314258,8,30,OK
2,Arvore_Binaria,2,Descendente,20,warm,44,1999993,0.023004,1,0,0.365774,9,22,OK
2,Arvore_Binaria,2,Descendente,20,warm,45,1999995,0.023163,1,0,0.286015,7,16,OK
2,Arvore_Binaria,2,Descendente,20,warm,46,1999984,0.023875,1,0,0.292948,7,27,OK
2,Arvore_Binaria,2,Descendente,20,warm,47,1999992,0.023033,1,0,0.291636,10,25,OK
2,Arvore_Binaria,2,Descendente,20,warm,48,1999996,0.023284,1,0,0.285233,6,13,OK
2,Arvore_Binaria,2,Descendente,20,warm,49,1999988,0.023434,1,0,0.283510,3,15,OK
2,Arvore_Binaria,2,Descendente,20,warm,50,1999982,0.023224,1,0,0.315661,9,33,OK
2,Arvore_Binaria,2,Descendente,20,warm,51,1999988,0.023575,1,0,0.303208,3,15,OK
2,Arvore_Binaria,2,Descendente,20,warm,52,1999996,0.023374,1,0,0.284202,6,13,OK
2,Arvore_Binaria,2,Descendente,20,warm,53,1999991,0.024045,1,0,0.292607,11,28,OK
2,Arvore_Binaria,2,Descendente,20,warm,54,1999981,0.022913,1,0,0.291937,10,36,OK
2,Arvore_Binaria,2,Descendente,20,warm,55,1999992,0.023243,1,0,0.288650,10,25,OK
2,Arvore_Binaria,2,Descendente,20,warm,56,1999986,0.022903,1,0,0.286606,5,21,OK
2,Arvore_Binaria,2,Descendente,20,warm,57,1999982,0.026519,1,0,0.356967,9,33,OK
2,Arvore_Binaria,2,Descendente,20,warm,58,1999980,0.023393,1,0,0.320479,11,39,OK
2,Arvore_Binaria,2,Descendente,20,warm,59,1999980,0.022732,1,0,0.291405,11,39,OK
2,Arvore_Binaria,2,Descendente,20,warm,60,1999982,0.023123,1,0,0.297396,9,33,OK
2,Arvore_Binaria,2,Descendente,20,warm,61,1999999,0.023493,1,0,0.284702,3,4,OK
2,Arvore_Binaria,2,Descendente,20,warm,62,1999980,0.023544,1,0,0.303438,11,39,OK
2,Arvore_Binaria,2,Descendente,20,warm,63,1999991,0.023615,1,0,0.298678,11,28,OK
2,Arvore_Binaria,2,Descendente,20,warm,64,1999999,0.023764,1,0,0.314798,3,4,OK
2,Arvore_Binaria,2,Descendente,20,warm,65,1999994,0.023374,1,0,0.292097,8,19,OK
2,Arvore_Binaria,2,Descendente,20,warm,66,1999991,0.023464,1,0,0.314619,11,28,OK
2,Arvore_Binaria,2,Descendente,20,warm,67,1999990,0.023394,1,0,0.313447,12,31,OK
2,Arvore_Binaria,2,Descendente,20,warm,68,1999989,0.023263,1,0,0.291295,2,12,OK
2,Arvore_Binaria,2,Descendente,20,warm,69,1999988,0.027351,1,0,0.280224,3,15,OK
2,Arvore_Binaria,2,Descendente,20,warm,70,1999999,0.023113,1,0,0.287267,3,4,OK
2,Arvore_Binaria,2,Descendente,20,warm,71,1999994,0.023164,1,0,0.286706,8,19,OK
2,Arvore_Binaria,2,Descendente,20,warm,72,1999995,0.023835,1,0,0.287578,7,16,OK
2,Arvore_Binaria,2,Descendente,20,warm,73,1999981,0.023724,1,0,0.318326,10,36,OK
2,Arvore_Binaria,2,Descendente,20,warm,74,1999987,0.023333,1,0,0.360004,4,18,OK
2,Arvore_Binaria,2,Descendente,20,warm,75,1999997,0.023413,1,0,0.287067,5,10,OK
2,Arvore_Binaria,2,Descendente,20,warm,76,1999995,0.023514,1,0,0.288891,7,16,OK
2,Arvore_Binaria,2,Descendente,20,warm,77,1999999,0.023314,1,0,0.286937,3,4,OK
2,Arvore_Binaria,2,Descendente,20,warm,78,1999997,0.023644,1,0,0.285664,5,10,OK
2,Arvore_Binaria,2,Descendente,20,warm,79,1999983,0.023394,1,0,0.313376,8,30,OK
2,Arvore_Binaria,2,Descendente,20,warm,80,1999993,0.026679,1,0,0.318295,9,22,OK
2,Arvore_Binaria,2,Descendente,20,warm,81,1999987,0.022852,1,0,0.305952,4,18,OK
2,Arvore_Binaria,2,Descendente,20,warm,82,1999986,0.023444,1,0,0.291475,5,21,OK
2,Arvore_Binaria,2,Descendente,20,warm,83,1999985,0.023273,1,0,0.287819,6,24,OK
2,Arvore_Binaria,2,Descendente,20,warm,84,1999989,0.023514,1,0,0.283450,2,12,OK
2,Arvore_Binaria,2,Descendente,20,warm,85,1999994,0.023514,1,0,0.288460,8,19,OK
2,Arvore_Binaria,2,Descendente,20,warm,86,1999988,0.023473,1,0,0.286015,3,15,OK
2,Arvore_Binaria,2,Descendente,20,warm,87,1999990,0.023343,1,0,0.360375,12,31,OK
2,Arvore_Binaria,2,Descendente,20,warm,88,1999989,0.023424,1,0,0.309469,2,12,OK
2,Arvore_Binaria,2,Descendente,20,warm,89,1999981,0.023434,1,0,0.293258,10,36,OK
2,Arvore_Binaria,2,Descendente,20,warm,90,1999980,0.023734,1,0,0.299150,11,39,OK
2,Arvore_Binaria,2,Descendente,20,warm,91,1999997,0.023233,1,0,0.287218,5,10,OK
2,Arvore_Binaria,2,Descendente,20,warm,92,1999998,0.023775,1,0,0.286015,4,7,OK
2,Arvore_Binaria,2,Descendente,20,warm,93,1999995,0.023604,1,0,0.311362,7,16,OK
2,Arvore_Binaria,2,Descendente,20,warm,94,1999994,0.023414,1,0,0.318325,8,19,OK
2,Arvore_Binaria,2,Descendente,20,warm,95,1999980,0.023154,1,0,0.363249,11,39,OK
2,Arvore_Binaria,2,Descendente,20,warm,96,1999998,0.023945,1,0,0.345577,4,7,OK
2,Arvore_Binaria,2,Descendente,20,warm,97,1999997,0.023094,1,0,0.291325,5,10,OK
2,Arvore_Binaria,2,Descendente,20,warm,98,1999991,0.023745,1,0,0.294440,11,28,OK
2,Arvore_Binaria,2,Descendente,20,warm,99,1999985,0.023634,1,0,0.285183,6,24,OK
2,Arvore_Binaria,2,Descendente,20,warm,100,1999986,0.023183,1,0,0.284543,5,21,OK
2,Arvore_Binaria,2,Descendente,2000,warm,1,1998756,0.029545,1,0,0.706772,245,531,OK
2,Arvore_Binaria,2,Descendente,2000,warm,2,1999094,0.027712,1,0,1.723720,908,1819,OK
2,Arvore_Binaria,2,Descendente,2000,warm,3,1999151,0.030197,1,0,1.697380,851,1748,OK
2,Arvore_Binaria,2,Descendente,2000,warm,4,1999440,0.026099,1,0,1.164930,562,1181,OK
2,Arvore_Binaria,2,Descendente,2000,warm,5,1999558,0.026118,1,0,0.994049,444,927,OK
2,Arvore_Binaria,2,Descendente,2000,warm,6,1998453,0.026630,1,0,1.205520,548,1140,OK
2,Arvore_Binaria,2,Descendente,2000,warm,7,1998950,0.026510,1,0,0.388206,51,149,OK
2,Arvore_Binaria,2,Descendente,2000,warm,8,1999766,0.025578,1,0,0.662700,236,503,OK
2,Arvore_Binaria,2,Descendente,2000,warm,9,1999293,0.025989,1,0,1.405610,709,1422,OK
2,Arvore_Binaria,2,Descendente,2000,warm,10,1999119,0.025818,1,0,1.637530,883,1844,OK
2,Arvore_Binaria,2,Descendente,2000,warm,11,1999772,0.025367,1,0,0.673240,230,485,OK
2,Arvore_Binaria,2,Descendente,2000,warm,12,1999419,0.025398,1,0,1.217090,583,1244,OK
2,Arvore_Binaria,2,Descendente,2000,warm,13,1998611,0.025758,1,0,0.919991,390,866,OK
2,Arvore_Binaria,2,Descendente,2000,warm,14,1998610,0.025638,1,0,1.049980,391,869,OK
2,Arvore_Binaria,2,Descendente,2000,warm,15,1998785,0.026119,1,0,0.667799,216,444,OK
2,Arvore_Binaria,2,Descendente,2000,warm,16,1999003,0.026269,1,0,1.888530,999,2092,OK
2,Arvore_Binaria,2,Descendente,2000,warm,17,1998920,0.025838,1,0,0.450022,81,239,OK
2,Arvore_Binaria,2,Descendente,2000,warm,18,1998633,0.024927,1,0,0.904993,368,800,OK
2,Arvore_Binaria,2,Descendente,2000,warm,19,1999368,0.028744,1,0,1.271060,634,1297,OK
2,Arvore_Binaria,2,Descendente,2000,warm,20,1999906,0.026129,1,0,0.488193,96,283,OK
2,Arvore_Binaria,2,Descendente,2000,warm,21,1999548,0.026239,1,0,1.026020,454,957,OK
2,Arvore_Binaria,2,Descendente,2000,warm,22,1999190,0.025267,1,0,1.600260,812,1631,OK
2,Arvore_Binaria,2,Descendente,2000,warm,23,1998772,0.098834,1,0,0.655857,229,483,OK
2,Arvore_Binaria,2,Descendente,2000,warm,24,1999887,0.025849,1,0,0.479988,115,240,OK
2,Arvore_Binaria,2,Descendente,2000,warm,25,1999984,0.025568,1,0,0.403415,18,49,OK
2,Arvore_Binaria,2,Descendente,2000,warm,26,1999581,0.025989,1,0,0.970486,421,858,OK
2,Arvore_Binaria,2,Descendente,2000,warm,27,1999382,0.026650,1,0,1.274440,620,1255,OK
2,Arvore_Binaria,2,Descendente,2000,warm,28,1998063,0.061014,1,0,1.719400,938,1910,OK
2,Arvore_Binaria,2,Descendente,2000,warm,29,1999567,0.025418,1,0,1.002780,435,900,OK
2,Arvore_Binaria,2,Descendente,2000,warm,30,1998428,0.025819,1,0,1.235020,573,1215,OK
2,Arvore_Binaria,2,Descendente,2000,warm,31,1999718,0.025538,1,0,0.773948,284,647,OK
2,Arvore_Binaria,2,Descendente,2000,warm,32,1998434,0.025908,1,0,1.271250,567,1197,OK
2,Arvore_Binaria,2,Descendente,2000,warm,33,1999476,0.026850,1,0,1.144210,526,1073,OK
2,Arvore_Binaria,2,Descendente,2000,warm,34,1999407,0.025688,1,0,1.231550,595,1280,OK
2,Arvore_Binaria,2,Descendente,2000,warm,35,1999328,0.025448,1,0,1.338160,674,1417,OK
2,Arvore_Binaria,2,Descendente,2000,warm,36,1999754,0.025959,1,0,0.700160,248,539,OK
2,Arvore_Binaria,2,Descendente,2000,warm,37,1999984,0.025468,1,0,0.362839,18,49,OK
2,Arvore_Binaria,2,Descendente,2000,warm,38,1998981,0.025478,1,0,0.341809,20,56,OK
2,Arvore_Binaria,2,Descendente,2000,warm,39,1998470,0.025679,1,0,1.198120,531,1089,OK
2,Arvore_Binaria,2,Descendente,2000,warm,40,1999118,0.028744,1,0,1.630680,884,1847,OK
2,Arvore_Binaria,2,Descendente,2000,warm,41,1999640,0.025578,1,0,0.870759,362,781,OK
2,Arvore_Binaria,2,Descendente,2000,warm,42,1999735,0.025678,1,0,0.799747,267,596,OK
2,Arvore_Binaria,2,Descendente,2000,warm,43,1999221,0.025808,1,0,1.495930,781,1638,OK
2,Arvore_Binaria,2,Descendente,2000,warm,44,1998909,0.025267,1,0,0.439753,92,272,OK
2,Arvore_Binaria,2,Descendente,2000,warm,45,1998558,0.025477,1,0,0.997065,443,925,OK
2,Arvore_Binaria,2,Descendente,2000,warm,46,1999528,0.025829,1,0,1.037740,474,1017,OK
2,Arvore_Binaria,2,Descendente,2000,warm,47,1998975,0.025638,1,0,0.353010,26,74,OK
2,Arvore_Binaria,2,Descendente,2000,warm,48,1998855,0.026329,1,0,0.527968,146,334,OK
2,Arvore_Binaria,2,Descendente,2000,warm,49,1998293,0.025709,1,0,1.389540,708,1420,OK
2,Arvore_Binaria,2,Descendente,2000,warm,50,1998631,0.025718,1,0,0.932104,370,806,OK
2,Arvore_Binaria,2,Descendente,2000,warm,51,1998348,0.025468,1,0,1.343470,653,1355,OK
2,Arvore_Binaria,2,Descendente,2000,warm,52,1999274,0.025287,1,0,1.413550,728,1479,OK
2,Arvore_Binaria,2,Descendente,2000,warm,53,1999852,0.029014,1,0,0.616063,150,345,OK
2,Arvore_Binaria,2,Descendente,2000,warm,54,1999186,0.025387,1,0,1.564180,816,1643,OK
2,Arvore_Binaria,2,Descendente,2000,warm,55,1998235,0.025267,1,0,1.496450,766,1594,OK
2,Arvore_Binaria,2,Descendente,2000,warm,56,1998480,0.025548,1,0,1.187170,521,1059,OK
2,Arvore_Binaria,2,Descendente,2000,warm,57,1999913,0.029215,1,0,0.465551,89,262,OK
2,Arvore_Binaria,2,Descendente,2000,warm,58,1999106,0.025117,1,0,1.682900,896,1883,OK
2,Arvore_Binaria,2,Descendente,2000,warm,59,1999961,0.026399,1,0,0.373018,41,118,OK
2,Arvore_Binaria,2,Descendente,2000,warm,60,1999058,0.025688,1,0,1.718400,944,1927,OK
2,Arvore_Binaria,2,Descendente,2000,warm,61,1998113,0.025387,1,0,1.653540,888,1860,OK
2,Arvore_Binaria,2,Descendente,2000,warm,62,1999840,0.025858,1,0,0.641561,162,381,OK
2,Arvore_Binaria,2,Descendente,2000,warm,63,1998234,0.025739,1,0,1.501710,767,1597,OK
2,Arvore_Binaria,2,Descendente,2000,warm,64,1999358,0.025278,1,0,1.307150,644,1327,OK
2,Arvore_Binaria,2,Descendente,2000,warm,65,1998820,0.024756,1,0,0.681446,181,439,OK
2,Arvore_Binaria,2,Descendente,2000,warm,66,1999120,0.025888,1,0,1.666340,882,1841,OK
2,Arvore_Binaria,2,Descendente,2000,warm,67,1998825,0.025728,1,0,0.570598,176,424,OK
2,Arvore_Binaria,2,Descendente,2000,warm,68,1999171,0.025778,1,0,1.664330,831,1688,OK
2,Arvore_Binaria,2,Descendente,2000,warm,69,1998546,0.025898,1,0,1.022820,455,961,OK
2,Arvore_Binaria,2,Descendente,2000,warm,70,1998688,0.026079,1,0,0.778537,313,635,OK
2,Arvore_Binaria,2,Descendente,2000,warm,71,1999144,0.026039,1,0,1.689810,858,1769,OK
2,Arvore_Binaria,2,Descendente,2000,warm,72,1999407,0.025558,1,0,1.224890,595,1280,OK
2,Arvore_Binaria,2,Descendente,2000,warm,73,1999764,0.025648,1,0,0.686314,238,509,OK
2,Arvore_Binaria,2,Descendente,2000,warm,74,1999170,0.025367,1,0,1.697560,832,1691,OK
2,Arvore_Binaria,2,Descendente,2000,warm,75,1999957,0.025288,1,0,0.397473,45,130,OK
2,Arvore_Binaria,2,Descendente,2000,warm,76,1998021,0.025117,1,0,1.769490,980,2036,OK
2,Arvore_Binaria,2,Descendente,2000,warm,77,1999334,0.025788,1,0,1.392460,668,1399,OK
2,Arvore_Binaria,2,Descendente,2000,warm,78,1999648,0.026149,1,0,0.862273,354,757,OK
2,Arvore_Binaria,2,Descendente,2000,warm,79,1998358,0.025497,1,0,1.304730,643,1325,OK
2,Arvore_Binaria,2,Descendente,2000,warm,80,1998059,0.025858,1,0,1.799240,942,1922,OK
2,Arvore_Binaria,2,Descendente,2000,warm,81,1998734,0.025518,1,0,0.732571,267,597,OK
2,Arvore_Binaria,2,Descendente,2000,warm,82,1999057,0.028874,1,0,1.719070,945,1930,OK
2,Arvore_Binaria,2,Descendente,2000,warm,83,1998296,0.025699,1,0,1.391470,705,1411,OK
2,Arvore_Binaria,2,Descendente,2000,warm,84,1998587,0.025568,1,0,1.036600,414,838,OK
2,Arvore_Binaria,2,Descendente,2000,warm,85,1998116,0.025759,1,0,1.650000,885,1851,OK
2,Arvore_Binaria,2,Descendente,2000,warm,86,1999258,0.026069,1,0,1.449860,744,1527,OK
2,Arvore_Binaria,2,Descendente,2000,warm,87,1999819,0.027060,1,0,0.669232,183,444,OK
2,Arvore_Binaria,2,Descendente,2000,warm,88,1999105,0.026059,1,0,1.707920,897,1886,OK
2,Arvore_Binaria,2,Descendente,2000,warm,89,1998270,0.026940,1,0,1.442620,731,1489,OK
2,Arvore_Binaria,2,Descendente,2000,warm,90,1999783,0.026439,1,0,0.671887,219,452,OK
2,Arvore_Binaria,2,Descendente,2000,warm,91,1999501,0.026941,1,0,1.113680,501,1098,OK
2,Arvore_Binaria,2,Descendente,2000,warm,92,1999107,0.027412,1,0,1.737690,895,1880,OK
2,Arvore_Binaria,2,Descendente,2000,warm,93,1998793,0.028222,1,0,0.670555,208,420,OK
2,Arvore_Binaria,2,Descendente,2000,warm,94,1999179,0.026019,1,0,1.607850,823,1664,OK
2,Arvore_Binaria,2,Descendente,2000,warm,95,1998926,0.029926,1,0,0.438240,75,221,OK
2,Arvore_Binaria,2,Descendente,2000,warm,96,1999838,0.025989,1,0,0.605032,164,387,OK
2,Arvore_Binaria,2,Descendente,2000,warm,97,1999189,0.025708,1,0,1.592000,813,1634,OK
2,Arvore_Binaria,2,Descendente,2000,warm,98,1998217,0.025508,1,0,1.557770,784,1648,OK
2,Arvore_Binaria,2,Descendente,2000,warm,99,1999364,0.026891,1,0,1.324160,638,1309,OK
2,Arvore_Binaria,2,Descendente,2000,warm,100,1998472,0.027130,1,0,1.149950,529,1083,OK
2,Arvore_Binaria,3,Desordenado,20,cold,1,5,0.914059,75,145,0.039654,6,15,OK
2,Arvore_Binaria,3,Desordenado,20,cold,2,802454,0.560788,75,145,0.032681,3,6,OK
2,Arvore_Binaria,3,Desordenado,20,cold,3,1651911,0.503662,75,145,0.039444,9,32,OK
2,Arvore_Binaria,3,Desordenado,20,cold,4,3,0.505616,75,145,0.033783,5,11,OK
2,Arvore_Binaria,3,Desordenado,20,cold,5,1651911,0.503261,75,145,0.038912,9,32,OK
2,Arvore_Binaria,3,Desordenado,20,cold,6,1651911,0.503021,75,145,0.038532,9,32,OK
2,Arvore_Binaria,3,Desordenado,20,cold,7,520890,0.525583,75,145,0.038232,5,14,OK
2,Arvore_Binaria,3,Desordenado,20,cold,8,1381208,0.544127,75,145,0.036729,6,21,OK
2,Arvore_Binaria,3,Desordenado,20,cold,9,1381208,0.524982,75,145,0.039945,6,21,OK
2,Arvore_Binaria,3,Desordenado,20,cold,10,28385,0.591256,75,145,0.037931,4,10,OK
2,Arvore_Binaria,3,Desordenado,20,cold,11,381415,0.509473,75,145,0.038853,6,17,OK
2,Arvore_Binaria,3,Desordenado,20,cold,12,3,0.512769,75,145,0.040206,5,11,OK
2,Arvore_Binaria,3,Desordenado,20,cold,13,28385,0.521666,75,145,0.038331,4,10,OK
2,Arvore_Binaria,3,Desordenado,20,cold,14,1890023,0.532245,75,145,0.035467,4,14,OK
2,Arvore_Binaria,3,Desordenado,20,cold,15,520890,0.529770,75,145,0.038331,5,14,OK
2,Arvore_Binaria,3,Desordenado,20,cold,16,5,0.527296,75,145,0.037199,6,15,OK
2,Arvore_Binaria,3,Desordenado,20,cold,17,710139,0.527326,75,145,0.036619,7,31,OK
2,Arvore_Binaria,3,Desordenado,20,cold,18,28385,0.506928,75,145,0.036638,4,10,OK
2,Arvore_Binaria,3,Desordenado,20,cold,19,802454,0.505896,75,145,0.034464,3,6,OK
2,Arvore_Binaria,3,Desordenado,20,cold,20,5,0.509262,75,145,0.034865,6,15,OK
2,Arvore_Binaria,3,Desordenado,20,cold,21,950291,0.505025,75,145,0.038832,7,27,OK
2,Arvore_Binaria,3,Desordenado,20,cold,22,1405280,0.505005,75,145,0.060022,8,28,OK
2,Arvore_Binaria,3,Desordenado,20,cold,23,1443656,0.591897,75,145,0.041678,10,36,OK
2,Arvore_Binaria,3,Desordenado,20,cold,24,1443656,0.531454,75,145,0.040356,10,36,OK
2,Arvore_Binaria,3,Desordenado,20,cold,25,1405280,0.542163,75,145,0.039975,8,28,OK
2,Arvore_Binaria,3,Desordenado,20,cold,26,1443656,0.524511,75,145,0.039915,10,36,OK
2,Arvore_Binaria,3,Desordenado,20,cold,27,710139,0.504774,75,145,0.036398,7,31,OK
2,Arvore_Binaria,3,Desordenado,20,cold,28,10,0.501308,75,145,0.030076,2,12,OK
2,Arvore_Binaria,3,Desordenado,20,cold,29,10,0.503812,75,145,0.041558,2,12,OK
2,Arvore_Binaria,3,Desordenado,20,cold,30,28385,0.503531,75,145,0.054352,4,10,OK
2,Arvore_Binaria,3,Desordenado,20,cold,31,1405280,0.526936,75,145,0.038452,8,28,OK
2,Arvore_Binaria,3,Desordenado,20,cold,32,802454,0.526515,75,145,0.033403,3,6,OK
2,Arvore_Binaria,3,Desordenado,20,cold,33,950291,0.526494,75,145,0.036980,7,27,OK
2,Arvore_Binaria,3,Desordenado,20,cold,34,1405280,0.523810,75,145,0.053110,8,28,OK
2,Arvore_Binaria,3,Desordenado,20,cold,35,1830597,0.510755,75,145,0.034043,5,17,OK
2,Arvore_Binaria,3,Desordenado,20,cold,36,1890023,0.503702,75,145,0.033152,4,14,OK
2,Arvore_Binaria,3,Desordenado,20,cold,37,1443656,0.513961,75,145,0.041768,10,36,OK
2,Arvore_Binaria,3,Desordenado,20,cold,38,1,0.534980,75,145,0.033592,4,7,OK
2,Arvore_Binaria,3,Desordenado,20,cold,39,1381208,0.602747,75,145,0.038703,6,21,OK
2,Arvore_Binaria,3,Desordenado,20,cold,40,1651911,0.576078,75,145,0.041557,9,32,OK
2,Arvore_Binaria,3,Desordenado,20,cold,41,802454,0.529941,75,145,0.037380,3,6,OK
2,Arvore_Binaria,3,Desordenado,20,cold,42,1830597,0.509393,75,145,0.042169,5,17,OK
2,Arvore_Binaria,3,Desordenado,20,cold,43,1405280,0.516856,75,145,0.041467,8,28,OK
2,Arvore_Binaria,3,Desordenado,20,cold,44,1405280,0.540140,75,145,0.043982,8,28,OK
2,Arvore_Binaria,3,Desordenado,20,cold,45,1,0.529480,75,145,0.036188,4,7,OK
2,Arvore_Binaria,3,Desordenado,20,cold,46,1,0.549708,75,145,0.034705,4,7,OK
2,Arvore_Binaria,3,Desordenado,20,cold,47,1381208,0.512518,75,145,0.043612,6,21,OK
2,Arvore_Binaria,3,Desordenado,20,cold,48,1830597,0.511407,75,145,0.041958,5,17,OK
2,Arvore_Binaria,3,Desordenado,20,cold,49,802454,0.511215,75,145,0.055244,3,6,OK
2,Arvore_Binaria,3,Desordenado,20,cold,50,802454,0.533508,75,145,0.039765,3,6,OK
2,Arvore_Binaria,3,Desordenado,20,cold,51,710139,0.570928,75,145,0.043872,7,31,OK
2,Arvore_Binaria,3,Desordenado,20,cold,52,710139,0.525333,75,145,0.044083,7,31,OK
2,Arvore_Binaria,3,Desordenado,20,cold,53,1651911,0.514582,75,145,0.039503,9,32,OK
2,Arvore_Binaria,3,Desordenado,20,cold,54,1665184,0.510725,75,145,0.036669,7,24,OK
2,Arvore_Binaria,3,Desordenado,20,cold,55,1405280,0.544769,75,145,0.044854,8,28,OK
2,Arvore_Binaria,3,Desordenado,20,cold,56,1443656,0.607747,75,145,0.041427,10,36,OK
2,Arvore_Binaria,3,Desordenado,20,cold,57,548223,0.529881,75,145,0.049042,6,27,OK
2,Arvore_Binaria,3,Desordenado,20,cold,58,1,0.548285,75,145,0.032341,4,7,OK
2,Arvore_Binaria,3,Desordenado,20,cold,59,1405280,0.497280,75,145,0.037801,8,28,OK
2,Arvore_Binaria,3,Desordenado,20,cold,60,1443656,0.494595,75,145,0.041287,10,36,OK
2,Arvore_Binaria,3,Desordenado,20,cold,61,520890,0.495517,75,145,0.036759,5,14,OK
2,Arvore_Binaria,3,Desordenado,20,cold,62,10,0.496699,75,145,0.034895,2,12,OK
2,Arvore_Binaria,3,Desordenado,20,cold,63,710139,0.522216,75,145,0.041056,7,31,OK
2,Arvore_Binaria,3,Desordenado,20,cold,64,950291,0.521395,75,145,0.039553,7,27,OK
2,Arvore_Binaria,3,Desordenado,20,cold,65,1651911,0.570777,75,145,0.040375,9,32,OK
2,Arvore_Binaria,3,Desordenado,20,cold,66,28385,0.550319,75,145,0.034976,4,10,OK
2,Arvore_Binaria,3,Desordenado,20,cold,67,1,0.498633,75,145,0.036288,4,7,OK
2,Arvore_Binaria,3,Desordenado,20,cold,68,1405280,0.499164,75,145,0.039033,8,28,OK
2,Arvore_Binaria,3,Desordenado,20,cold,69,3,0.506197,75,145,0.034435,5,11,OK
2,Arvore_Binaria,3,Desordenado,20,cold,70,10,0.561389,75,145,0.044393,2,12,OK
2,Arvore_Binaria,3,Desordenado,20,cold,71,802454,0.641280,75,145,0.038331,3,6,OK
2,Arvore_Binaria,3,Desordenado,20,cold,72,1651911,0.549608,75,145,0.039023,9,32,OK
2,Arvore_Binaria,3,Desordenado,20,cold,73,5,0.497640,75,145,0.043722,6,15,OK
2,Arvore_Binaria,3,Desordenado,20,cold,74,1,0.496128,75,145,0.035006,4,7,OK
2,Arvore_Binaria,3,Desordenado,20,cold,75,381415,0.502599,75,145,0.035367,6,17,OK
2,Arvore_Binaria,3,Desordenado,20,cold,76,1405280,0.495717,75,145,0.060583,8,28,OK
2,Arvore_Binaria,3,Desordenado,20,cold,77,1405280,0.523770,75,145,0.038422,8,28,OK
2,Arvore_Binaria,3,Desordenado,20,cold,78,1651911,0.566410,75,145,0.039714,9,32,OK
2,Arvore_Binaria,3,Desordenado,20,cold,79,1651911,0.524370,75,145,0.043352,9,32,OK
2,Arvore_Binaria,3,Desordenado,20,cold,80,710139,0.520463,75,145,0.041277,7,31,OK
2,Arvore_Binaria,3,Desordenado,20,cold,81,5,0.518750,75,145,0.037199,6,15,OK
2,Arvore_Binaria,3,Desordenado,20,cold,82,1381208,0.493823,75,145,0.035126,6,21,OK
2,Arvore_Binaria,3,Desordenado,20,cold,83,1381208,0.495306,75,145,0.035847,6,21,OK
2,Arvore_Binaria,3,Desordenado,20,cold,84,1830597,0.500225,75,145,0.038122,5,17,OK
2,Arvore_Binaria,3,Desordenado,20,cold,85,1665184,0.495486,75,145,0.036298,7,24,OK
2,Arvore_Binaria,3,Desordenado,20,cold,86,13,0.497370,75,145,0.034915,5,21,OK
2,Arvore_Binaria,3,Desordenado,20,cold,87,10,0.601354,75,145,0.038321,2,12,OK
2,Arvore_Binaria,3,Desordenado,20,cold,88,710139,0.535782,75,145,0.037480,7,31,OK
2,Arvore_Binaria,3,Desordenado,20,cold,89,1,0.538597,75,145,0.035727,4,7,OK
2,Arvore_Binaria,3,Desordenado,20,cold,90,10,0.536253,75,145,0.032691,2,12,OK
2,Arvore_Binaria,3,Desordenado,20,cold,91,802454,0.499384,75,145,0.036898,3,6,OK
2,Arvore_Binaria,3,Desordenado,20,cold,92,10,0.578041,75,145,0.033152,2,12,OK
2,Arvore_Binaria,3,Desordenado,20,cold,93,3,0.499664,75,145,0.036378,5,11,OK
2,Arvore_Binaria,3,Desordenado,20,cold,94,548223,0.498943,75,145,0.042089,6,27,OK
2,Arvore_Binaria,3,Desordenado,20,cold,95,1665184,0.498713,75,145,0.061575,7,24,OK
2,Arvore_Binaria,3,Desordenado,20,cold,96,1830597,0.615702,75,145,0.045866,5,17,OK
2,Arvore_Binaria,3,Desordenado,20,cold,97,1890023,0.536293,75,145,0.038632,4,14,OK
2,Arvore_Binaria,3,Desordenado,20,cold,98,710139,0.509002,75,145,0.038282,7,31,OK
2,Arvore_Binaria,3,Desordenado,20,cold,99,28385,0.506396,75,145,0.036939,4,10,OK
2,Arvore_Binaria,3,Desordenado,20,cold,100,10,0.498953,75,145,0.033062,2,12,OK
2,Arvore_Binaria,3,Desordenado,2000,cold,1,1869620,203.935000,157070,314097,0.109935,7,78,OK
2,Arvore_Binaria,3,Desordenado,2000,cold,2,415850,198.179000,157070,314097,0.095920,14,119,OK
2,Arvore_Binaria,3,Desordenado,2000,cold,3,226754,198.894000,157070,314097,0.135874,20,97,OK
2,Arvore_Binaria,3,Desordenado,2000,cold,4,1786565,199.296000,157070,314097,0.107260,10,107,OK
2,Arvore_Binaria,3,Desordenado,2000,cold,5,1877,199.982000,157070,314097,0.555228,328,731,OK
2,Arvore_Binaria,3,Desordenado,2000,cold,6,716,200.772000,157070,314097,0.471190,272,558,OK
2,Arvore_Binaria,3,Desordenado,2000,cold,7,1152208,200.228000,157070,314097,0.114194,18,69,OK
2,Arvore_Binaria,3,Desordenado,2000,cold,8,517419,200.194000,157070,314097,0.113983,12,103,OK
2,Arvore_Binaria,3,Desordenado,2000,cold,9,1684104,200.755000,157070,314097,0.098133,15,71,OK
2,Arvore_Binaria,3,Desordenado,2000,cold,10,1430,199.688000,157070,314097,0.315239,165,358,OK
2,Arvore_Binaria,3,Desordenado,2000,cold,11,1356,200.755000,157070,314097,0.264234,127,308,OK
2,Arvore_Binaria,3,Desordenado,2000,cold,12,459072,198.273000,157070,314097,0.107952,12,24,OK
2,Arvore_Binaria,3,Desordenado,2000,cold,13,705719,199.823000,157070,314097,0.104936,13,88,OK
2,Arvore_Binaria,3,Desordenado,2000,cold,14,1218,201.656000,157070,314097,0.180146,76,168,OK
2,Arvore_Binaria,3,Desordenado,2000,cold,15,1014124,203.580000,157070,314097,0.101339,13,75,OK
2,Arvore_Binaria,3,Desordenado,2000,cold,16,905516,199.477000,157070,314097,0.129773,19,57,OK
2,Arvore_Binaria,3,Desordenado,2000,cold,17,173,200.433000,157070,314097,0.174516,58,187,OK
2,Arvore_Binaria,3,Desordenado,2000,cold,18,229719,199.636000,157070,314097,0.114654,18,68,OK
2,Arvore_Binaria,3,Desordenado,2000,cold,19,1144,199.649000,157070,314097,0.162474,53,148,OK
2,Arvore_Binaria,3,Desordenado,2000,cold,20,1439964,200.963000,157070,314097,0.093164,14,97,OK
2,Arvore_Binaria,3,Desordenado,2000,cold,21,76952,200.385000,157070,314097,0.098605,14,43,OK
2,Arvore_Binaria,3,Desordenado,2000,cold,22,1621,199.140000,157070,314097,0.408014,231,481,OK
2,Arvore_Binaria,3,Desordenado,2000,cold,23,672,199.275000,157070,314097,0.437098,254,578,OK
2,Arvore_Binaria,3,Desordenado,2000,cold,24,1665,199.412000,157070,314097,0.444562,249,561,OK
2,Arvore_Binaria,3,Desordenado,2000,cold,25,261,200.220000,157070,314097,0.225983,94,247,OK
2,Arvore_Binaria,3,Desordenado,2000,cold,26,1441404,198.892000,157070,314097,0.104545,16,102,OK
2,Arvore_Binaria,3,Desordenado,2000,cold,27,1829339,200.769000,157070,314097,0.105438,14,65,OK
2,Arvore_Binaria,3,Desordenado,2000,cold,28,412892,199.014000,157070,314097,0.095458,16,127,OK
2,Arvore_Binaria,3,Desordenado,2000,cold,29,1939,199.651000,157070,314097,0.574716,347,731,OK
2,Arvore_Binaria,3,Desordenado,2000,cold,30,544852,200.381000,157070,314097,0.106759,12,35,OK
2,Arvore_Binaria,3,Desordenado,2000,cold,31,1403,199.413000,157070,314097,0.323345,152,305,OK
2,Arvore_Binaria,3,Desordenado,2000,cold,32,1868,200.829000,157070,314097,0.567783,323,712,OK
2,Arvore_Binaria,3,Desordenado,2000,cold,33,998902,200.280000,157070,314097,0.125204,12,100,OK
2,Arvore_Binaria,3,Desordenado,2000,cold,34,1475120,200.446000,157070,314097,0.127919,17,123,OK
2,Arvore_Binaria,3,Desordenado,2000,cold,35,866910,200.091000,157070,314097,0.100608,15,51,OK
2,Arvore_Binaria,3,Desordenado,2000,cold,36,1373,198.835000,157070,314097,0.290253,135,341,OK
2,Arvore_Binaria,3,Desordenado,2000,cold,37,867,199.106000,157070,314097,0.559177,327,719,OK
2,Arvore_Binaria,3,Desordenado,2000,cold,38,1037914,198.769000,157070,314097,0.117671,17,73,OK
2,Arvore_Binaria,3,Desordenado,2000,cold,39,741,199.898000,157070,314097,0.470451,282,603,OK
2,Arvore_Binaria,3,Desordenado,2000,cold,40,1998191,199.199000,157070,314097,0.097052,7,49,OK
2,Arvore_Binaria,3,Desordenado,2000,cold,41,742,199.518000,157070,314097,0.484517,283,606,OK
2,Arvore_Binaria,3,Desordenado,2000,cold,42,987289,198.858000,157070,314097,0.132468,14,58,OK
2,Arvore_Binaria,3,Desordenado,2000,cold,43,90637,198.910000,157070,314097,0.110677,13,93,OK
2,Arvore_Binaria,3,Desordenado,2000,cold,44,1947,199.186000,157070,314097,0.578012,352,749,OK
2,Arvore_Binaria,3,Desordenado,2000,cold,45,438,199.283000,157070,314097,0.332202,164,364,OK
2,Arvore_Binaria,3,Desordenado,2000,cold,46,1719940,199.721000,157070,314097,0.097162,15,127,OK
2,Arvore_Binaria,3,Desordenado,2000,cold,47,1940,199.212000,157070,314097,0.573944,348,734,OK
2,Arvore_Binaria,3,Desordenado,2000,cold,48,1382671,199.646000,157070,314097,0.106619,15,97,OK
2,Arvore_Binaria,3,Desordenado,2000,cold,49,995,198.837000,157070,314097,0.616735,377,847,OK
2,Arvore_Binaria,3,Desordenado,2000,cold,50,1799825,199.120000,157070,314097,0.107271,12,115,OK
2,Arvore_Binaria,3,Desordenado,2000,cold,51,463,199.513000,157070,314097,0.332513,172,405,OK
2,Arvore_Binaria,3,Desordenado,2000,cold,52,281,201.166000,157070,314097,0.231674,100,279,OK
2,Arvore_Binaria,3,Desordenado,2000,cold,53,317,202.512000,157070,314097,0.257813,117,249,OK
2,Arvore_Binaria,3,Desordenado,2000,cold,54,158,199.422000,157070,314097,0.177783,52,160,OK
2,Arvore_Binaria,3,Desordenado,2000,cold,55,175921,198.440000,157070,314097,0.103865,13,29,OK
2,Arvore_Binaria,3,Desordenado,2000,cold,56,318816,199.305000,157070,314097,0.259536,14,55,OK
2,Arvore_Binaria,3,Desordenado,2000,cold,57,180924,201.457000,157070,314097,0.104406,18,48,OK
2,Arvore_Binaria,3,Desordenado,2000,cold,58,207,198.947000,157070,314097,0.186650,71,147,OK
2,Arvore_Binaria,3,Desordenado,2000,cold,59,1039,198.261000,157070,314097,0.110457,19,75,OK
2,Arvore_Binaria,3,Desordenado,2000,cold,60,1578,198.793000,157070,314097,0.409218,213,502,OK
2,Arvore_Binaria,3,Desordenado,2000,cold,61,1105,199.564000,157070,314097,0.163817,40,83,OK
2,Arvore_Binaria,3,Desordenado,2000,cold,62,1601726,200.733000,157070,314097,0.100819,16,40,OK
2,Arvore_Binaria,3,Desordenado,2000,cold,63,1512,198.688000,157070,314097,0.383359,192,394,OK
2,Arvore_Binaria,3,Desordenado,2000,cold,64,932102,198.680000,157070,314097,0.104596,19,45,OK
2,Arvore_Binaria,3,Desordenado,2000,cold,65,998902,198.985000,157070,314097,0.121979,12,100,OK
2,Arvore_Binaria,3,Desordenado,2000,cold,66,1649845,199.435000,157070,314097,0.125055,12,99,OK
2,Arvore_Binaria,3,Desordenado,2000,cold,67,1859083,198.827000,157070,314097,0.100408,12,77,OK
2,Arvore_Binaria,3,Desordenado,2000,cold,68,1351562,199.214000,157070,314097,0.102582,14,115,OK
2,Arvore_Binaria,3,Desordenado,2000,cold,69,1794,198.729000,157070,314097,0.527910,301,694,OK
2,Arvore_Binaria,3,Desordenado,2000,cold,70,1382671,199.408000,157070,314097,0.119664,15,97,OK
2,Arvore_Binaria,3,Desordenado,2000,cold,71,88950,199.049000,157070,314097,0.104065,16,95,OK
2,Arvore_Binaria,3,Desordenado,2000,cold,72,268,198.978000,157070,314097,0.233798,97,260,OK
2,Arvore_Binaria,3,Desordenado,2000,cold,73,389825,198.574000,157070,314097,0.104255,13,47,OK
2,Arvore_Binaria,3,Desordenado,2000,cold,74,1439964,199.691000,157070,314097,0.095630,14,97,OK
2,Arvore_Binaria,3,Desordenado,2000,cold,75,315,199.236000,157070,314097,0.244799,116,245,OK
2,Arvore_Binaria,3,Desordenado,2000,cold,76,332,199.496000,157070,314097,0.261110,122,274,OK
2,Arvore_Binaria,3,Desordenado,2000,cold,77,370,200.848000,157070,314097,0.290836,136,340,OK
2,Arvore_Binaria,3,Desordenado,2000,cold,78,1702,200.557000,157070,314097,0.469712,263,526,OK
2,Arvore_Binaria,3,Desordenado,2000,cold,79,1036332,199.332000,157070,314097,0.118682,19,54,OK
2,Arvore_Binaria,3,Desordenado,2000,cold,80,1090034,199.312000,157070,314097,0.105508,17,111,OK
2,Arvore_Binaria,3,Desordenado,2000,cold,81,1279,199.664000,157070,314097,0.237344,98,273,OK
2,Arvore_Binaria,3,Desordenado,2000,cold,82,1656,200.174000,157070,314097,0.456875,245,544,OK
2,Arvore_Binaria,3,Desordenado,2000,cold,83,1727230,200.102000,157070,314097,0.118562,15,76,OK
2,Arvore_Binaria,3,Desordenado,2000,cold,84,1316107,199.990000,157070,314097,0.100488,14,65,OK
2,Arvore_Binaria,3,Desordenado,2000,cold,85,1837619,200.204000,157070,314097,0.095388,9,92,OK
2,Arvore_Binaria,3,Desordenado,2000,cold,86,896,199.520000,157070,314097,0.569064,338,770,OK
2,Arvore_Binaria,3,Desordenado,2000,cold,87,89,202.944000,157070,314097,0.152395,34,155,OK
2,Arvore_Binaria,3,Desordenado,2000,cold,88,841,199.838000,157070,314097,0.568554,318,675,OK
2,Arvore_Binaria,3,Desordenado,2000,cold,89,694982,198.957000,157070,314097,0.112981,16,76,OK
2,Arvore_Binaria,3,Desordenado,2000,cold,90,223542,199.268000,157070,314097,0.105497,17,117,OK
2,Arvore_Binaria,3,Desordenado,2000,cold,91,1142205,199.293000,157070,314097,0.114464,19,109,OK
2,Arvore_Binaria,3,Desordenado,2000,cold,92,107263,201.032000,157070,314097,0.120285,16,116,OK
2,Arvore_Binaria,3,Desordenado,2000,cold,93,1985,199.003000,157070,314097,0.622555,369,821,OK
2,Arvore_Binaria,3,Desordenado,2000,cold,94,1206513,199.144000,157070,314097,0.116949,23,53,OK
2,Arvore_Binaria,3,Desordenado,2000,cold,95,1217524,201.757000,157070,314097,0.122248,24,96,OK
2,Arvore_Binaria,3,Desordenado,2000,cold,96,1405569,200.898000,157070,314097,0.103173,12,105,OK
2,Arvore_Binaria,3,Desordenado,2000,cold,97,1540,199.676000,157070,314097,0.379380,203,444,OK
2,Arvore_Binaria,3,Desordenado,2000,cold,98,726186,200.392000,157070,314097,0.107531,11,53,OK
2,Arvore_Binaria,3,Desordenado,2000,cold,99,1605,199.535000,157070,314097,0.392805,222,447,OK
2,Arvore_Binaria,3,Desordenado,2000,cold,100,919,199.723000,157070,314097,0.574185,346,709,OK
2,Arvore_Binaria,3,Desordenado,20000,cold,1,614858,4066.410000,3152157,6303911,0.144371,27,119,OK
2,Arvore_Binaria,3,Desordenado,20000,cold,2,4068,4022.090000,3152157,6303911,1.249430,804,1704,OK
2,Arvore_Binaria,3,Desordenado,20000,cold,3,994096,4012.900000,3152157,6303911,0.119002,14,63,OK
2,Arvore_Binaria,3,Desordenado,20000,cold,4,153749,4027.960000,3152157,6303911,0.113612,21,80,OK
2,Arvore_Binaria,3,Desordenado,20000,cold,5,15368,4010.870000,3152157,6303911,0.394648,214,494,OK
2,Arvore_Binaria,3,Desordenado,20000,cold,6,1652347,4009.180000,3152157,6303911,0.104957,13,81,OK
2,Arvore_Binaria,3,Desordenado,20000,cold,7,61051,4022.000000,3152157,6303911,0.111629,24,99,OK
2,Arvore_Binaria,3,Desordenado,20000,cold,8,622890,4013.830000,3152157,6303911,0.108493,24,137,OK
2,Arvore_Binaria,3,Desordenado,20000,cold,9,278593,4021.710000,3152157,6303911,0.119223,28,91,OK
2,Arvore_Binaria,3,Desordenado,20000,cold,10,794901,4063.270000,3152157,6303911,0.117139,21,68,OK
2,Arvore_Binaria,3,Desordenado,20000,cold,11,9233,4050.930000,3152157,6303911,0.781533,488,1007,OK
2,Arvore_Binaria,3,Desordenado,20000,cold,12,12513,4038.390000,3152157,6303911,0.174677,63,137,OK
2,Arvore_Binaria,3,Desordenado,20000,cold,13,1754977,4024.530000,3152157,6303911,0.107071,20,117,OK
2,Arvore_Binaria,3,Desordenado,20000,cold,14,1569611,4008.630000,3152157,6303911,0.120465,21,123,OK
2,Arvore_Binaria,3,Desordenado,20000,cold,15,13718,4011.410000,3152157,6303911,0.204653,90,196,OK
2,Arvore_Binaria,3,Desordenado,20000,cold,16,673110,4021.560000,3152157,6303911,0.109054,24,56,OK
2,Arvore_Binaria,3,Desordenado,20000,cold,17,6543,4002.850000,3152157,6303911,0.811629,498,1037,OK
2,Arvore_Binaria,3,Desordenado,20000,cold,18,670092,4059.110000,3152157,6303911,0.128300,26,63,OK
2,Arvore_Binaria,3,Desordenado,20000,cold,19,4535,4043.890000,3152157,6303911,1.498970,969,1971,OK
2,Arvore_Binaria,3,Desordenado,20000,cold,20,8774,4016.210000,3152157,6303911,0.611183,347,784,OK
2,Arvore_Binaria,3,Desordenado,20000,cold,21,1709,4034.650000,3152157,6303911,1.010570,643,1293,OK
2,Arvore_Binaria,3,Desordenado,20000,cold,22,1600218,4005.730000,3152157,6303911,0.107762,21,87,OK
2,Arvore_Binaria,3,Desordenado,20000,cold,23,768081,4043.280000,3152157,6303911,0.126447,21,103,OK
2,Arvore_Binaria,3,Desordenado,20000,cold,24,1596946,4024.050000,3152157,6303911,0.132978,22,113,OK
2,Arvore_Binaria,3,Desordenado,20000,cold,25,1764617,4002.070000,3152157,6303911,0.107481,16,91,OK
2,Arvore_Binaria,3,Desordenado,20000,cold,26,182093,4025.920000,3152157,6303911,0.124914,27,57,OK
2,Arvore_Binaria,3,Desordenado,20000,cold,27,1299929,4016.440000,3152157,6303911,0.105076,14,111,OK
2,Arvore_Binaria,3,Desordenado,20000,cold,28,100560,4009.540000,3152157,6303911,0.117269,23,84,OK
2,Arvore_Binaria,3,Desordenado,20000,cold,29,577492,4019.870000,3152157,6303911,0.107592,18,82,OK
2,Arvore_Binaria,3,Desordenado,20000,cold,30,5253,4002.830000,3152157,6303911,1.017660,657,1365,OK
2,Arvore_Binaria,3,Desordenado,20000,cold,31,1452145,4004.300000,3152157,6303911,0.129252,25,86,OK
2,Arvore_Binaria,3,Desordenado,20000,cold,32,14723,4022.140000,3152157,6303911,0.195205,80,181,OK
2,Arvore_Binaria,3,Desordenado,20000,cold,33,16821,4018.920000,3152157,6303911,0.344244,168,355,OK
2,Arvore_Binaria,3,Desordenado,20000,cold,34,1589645,4016.640000,3152157,6303911,0.105958,15,56,OK
2,Arvore_Binaria,3,Desordenado,20000,cold,35,14335,4025.100000,3152157,6303911,0.420106,224,481,OK
2,Arvore_Binaria,3,Desordenado,20000,cold,36,1245768,4056.590000,3152157,6303911,0.111409,20,43,OK
2,Arvore_Binaria,3,Desordenado,20000,cold,37,1621104,4033.390000,3152157,6303911,0.124763,23,119,OK
2,Arvore_Binaria,3,Desordenado,20000,cold,38,14782,4015.650000,3152157,6303911,0.234248,99,278,OK
2,Arvore_Binaria,3,Desordenado,20000,cold,39,182144,4011.320000,3152157,6303911,0.122799,25,103,OK
2,Arvore_Binaria,3,Desordenado,20000,cold,40,873,4041.030000,3152157,6303911,0.553856,334,739,OK
2,Arvore_Binaria,3,Desordenado,20000,cold,41,13595,4027.140000,3152157,6303911,0.340156,172,437,OK
2,Arvore_Binaria,3,Desordenado,20000,cold,42,705325,4003.070000,3152157,6303911,0.118822,19,81,OK
2,Arvore_Binaria,3,Desordenado,20000,cold,43,33009,4030.610000,3152157,6303911,0.130654,18,125,OK
2,Arvore_Binaria,3,Desordenado,20000,cold,44,16449,4002.130000,3152157,6303911,0.248885,108,263,OK
2,Arvore_Binaria,3,Desordenado,20000,cold,45,1916853,4038.200000,3152157,6303911,0.129142,18,87,OK
2,Arvore_Binaria,3,Desordenado,20000,cold,46,1086112,4044.790000,3152157,6303911,0.119994,18,59,OK
2,Arvore_Binaria,3,Desordenado,20000,cold,47,1993797,4055.810000,3152157,6303911,0.134371,15,81,OK
2,Arvore_Binaria,3,Desordenado,20000,cold,48,1184140,4021.700000,3152157,6303911,0.138899,16,104,OK
2,Arvore_Binaria,3,Desordenado,20000,cold,49,12285,4037.150000,3152157,6303911,0.637352,372,827,OK
2,Arvore_Binaria,3,Desordenado,20000,cold,50,453635,4026.120000,3152157,6303911,0.150462,20,95,OK
2,Arvore_Binaria,3,Desordenado,20000,cold,51,923,4013.770000,3152157,6303911,0.625290,351,723,OK
2,Arvore_Binaria,3,Desordenado,20000,cold,52,10442,4029.570000,3152157,6303911,1.169220,741,1522,OK
2,Arvore_Binaria,3,Desordenado,20000,cold,53,1120635,4025.430000,3152157,6303911,0.117629,17,78,OK
2,Arvore_Binaria,3,Desordenado,20000,cold,54,390190,4034.010000,3152157,6303911,0.131837,22,128,OK
2,Arvore_Binaria,3,Desordenado,20000,cold,55,4785,4048.700000,3152157,6303911,1.642160,1066,2215,OK
2,Arvore_Binaria,3,Desordenado,20000,cold,56,4508,4033.980000,3152157,6303911,1.475860,961,1928,OK
2,Arvore_Binaria,3,Desordenado,20000,cold,57,1553672,4021.590000,3152157,6303911,0.121086,21,95,OK
2,Arvore_Binaria,3,Desordenado,20000,cold,58,9400,4027.390000,3152157,6303911,0.595164,360,718,OK
2,Arvore_Binaria,3,Desordenado,20000,cold,59,140314,4010.250000,3152157,6303911,0.121567,26,131,OK
2,Arvore_Binaria,3,Desordenado,20000,cold,60,1476558,4024.130000,3152157,6303911,0.132768,21,87,OK
2,Arvore_Binaria,3,Desordenado,20000,cold,61,1288547,4020.270000,3152157,6303911,0.113492,19,107,OK
2,Arvore_Binaria,3,Desordenado,20000,cold,62,14699,4023.060000,3152157,6303911,0.213890,69,235,OK
2,Arvore_Binaria,3,Desordenado,20000,cold,63,172,4021.420000,3152157,6303911,0.220663,60,190,OK
2,Arvore_Binaria,3,Desordenado,20000,cold,64,953059,4014.010000,3152157,6303911,0.117370,15,124,OK
2,Arvore_Binaria,3,Desordenado,20000,cold,65,622,4050.550000,3152157,6303911,0.438521,235,490,OK
2,Arvore_Binaria,3,Desordenado,20000,cold,66,8386,4100.780000,3152157,6303911,0.740135,434,952,OK
2,Arvore_Binaria,3,Desordenado,20000,cold,67,64969,4032.590000,3152157,6303911,0.145964,27,118,OK
2,Arvore_Binaria,3,Desordenado,20000,cold,68,571948,4028.820000,3152157,6303911,0.120656,19,135,OK
2,Arvore_Binaria,3,Desordenado,20000,cold,69,1817651,4030.470000,3152157,6303911,0.116809,21,123,OK
2,Arvore_Binaria,3,Desordenado,20000,cold,70,69952,4047.760000,3152157,6303911,0.134491,27,103,OK
2,Arvore_Binaria,3,Desordenado,20000,cold,71,891131,4038.350000,3152157,6303911,0.128801,21,134,OK
2,Arvore_Binaria,3,Desordenado,20000,cold,72,13869,4020.320000,3152157,6303911,0.311383,152,371,OK
2,Arvore_Binaria,3,Desordenado,20000,cold,73,3643,4017.550000,3152157,6303911,1.040480,655,1351,OK
2,Arvore_Binaria,3,Desordenado,20000,cold,74,9440,4017.440000,3152157,6303911,0.601774,358,754,OK
2,Arvore_Binaria,3,Desordenado,20000,cold,75,815911,4058.070000,3152157,6303911,0.133179,16,116,OK
2,Arvore_Binaria,3,Desordenado,20000,cold,76,9868,4034.680000,3152157,6303911,0.854459,519,1104,OK
2,Arvore_Binaria,3,Desordenado,20000,cold,77,1168346,4023.300000,3152157,6303911,0.129562,17,124,OK
2,Arvore_Binaria,3,Desordenado,20000,cold,78,1564,4048.370000,3152157,6303911,0.968431,586,1234,OK
2,Arvore_Binaria,3,Desordenado,20000,cold,79,7813,4049.010000,3152157,6303911,0.817750,485,981,OK
2,Arvore_Binaria,3,Desordenado,20000,cold,80,81546,4035.980000,3152157,6303911,0.124002,20,94,OK
2,Arvore_Binaria,3,Desordenado,20000,cold,81,1806780,4015.890000,3152157,6303911,0.118722,19,114,OK
2,Arvore_Binaria,3,Desordenado,20000,cold,82,516615,4026.930000,3152157,6303911,0.116729,16,88,OK
2,Arvore_Binaria,3,Desordenado,20000,cold,83,428890,4033.110000,3152157,6303911,0.122789,18,66,OK
2,Arvore_Binaria,3,Desordenado,20000,cold,84,180983,4045.740000,3152157,6303911,0.130764,23,122,OK
2,Arvore_Binaria,3,Desordenado,20000,cold,85,554717,4009.240000,3152157,6303911,0.127529,23,97,OK
2,Arvore_Binaria,3,Desordenado,20000,cold,86,1088672,4052.950000,3152157,6303911,0.111368,15,93,OK
2,Arvore_Binaria,3,Desordenado,20000,cold,87,538,4028.130000,3152157,6303911,0.397534,204,444,OK
2,Arvore_Binaria,3,Desordenado,20000,cold,88,758416,4046.870000,3152157,6303911,0.130464,24,133,OK
2,Arvore_Binaria,3,Desordenado,20000,cold,89,1501538,4027.090000,3152157,6303911,0.134051,27,95,OK
2,Arvore_Binaria,3,Desordenado,20000,cold,90,766187,4005.440000,3152157,6303911,0.146855,23,71,OK
2,Arvore_Binaria,3,Desordenado,20000,cold,91,4704,4029.220000,3152157,6303911,1.571130,1035,2072,OK
2,Arvore_Binaria,3,Desordenado,20000,cold,92,9544,4037.700000,3152157,6303911,0.664674,395,832,OK
2,Arvore_Binaria,3,Desordenado,20000,cold,93,14065,4001.620000,3152157,6303911,0.278390,119,301,OK
2,Arvore_Binaria,3,Desordenado,20000,cold,94,830716,4024.980000,3152157,6303911,0.147466,8,65,OK
2,Arvore_Binaria,3,Desordenado,20000,cold,95,742653,4014.980000,3152157,6303911,0.118271,21,101,OK
2,Arvore_Binaria,3,Desordenado,20000,cold,96,809211,4045.930000,3152157,6303911,0.129233,17,114,OK
2,Arvore_Binaria,3,Desordenado,20000,cold,97,18699,4045.560000,3152157,6303911,0.267952,120,337,OK
2,Arvore_Binaria,3,Desordenado,20000,cold,98,13650,4065.040000,3152157,6303911,0.177452,61,170,OK
2,Arvore_Binaria,3,Desordenado,20000,cold,99,542145,4002.730000,3152157,6303911,0.108152,20,75,OK
2,Arvore_Binaria,3,Desordenado,20000,cold,100,408481,4027.210000,3152157,6303911,0.108974,18,39,OK
2,Arvore_Binaria,3,Desordenado,200000,cold,1,1260305,12508.400000,8651759,17299515,0.132868,31,88,OK
2,Arvore_Binaria,3,Desordenado,200000,cold,2,62586,11849.600000,8651759,17299515,0.122249,22,72,OK
2,Arvore_Binaria,3,Desordenado,200000,cold,3,1819788,11870.300000,8651759,17299515,0.122079,20,79,OK
2,Arvore_Binaria,3,Desordenado,200000,cold,4,137903,11976.800000,8651759,17299515,0.132478,33,67,OK
2,Arvore_Binaria,3,Desordenado,200000,cold,5,1082402,11844.500000,8651759,17299515,0.141304,28,81,OK
2,Arvore_Binaria,3,Desordenado,200000,cold,6,132992,11887.200000,8651759,17299515,0.156323,53,196,OK
2,Arvore_Binaria,3,Desordenado,200000,cold,7,384522,11787.400000,8651759,17299515,0.109124,21,110,OK
2,Arvore_Binaria,3,Desordenado,200000,cold,8,304859,11892.600000,8651759,17299515,0.116218,24,113,OK
2,Arvore_Binaria,3,Desordenado,200000,cold,9,940976,11847.300000,8651759,17299515,0.101550,14,56,OK
2,Arvore_Binaria,3,Desordenado,200000,cold,10,776647,11785.600000,8651759,17299515,0.104455,21,95,OK
2,Arvore_Binaria,3,Desordenado,200000,cold,11,968294,11985.500000,8651759,17299515,0.118251,26,93,OK
2,Arvore_Binaria,3,Desordenado,200000,cold,12,1143377,11736.400000,8651759,17299515,0.117039,25,60,OK
2,Arvore_Binaria,3,Desordenado,200000,cold,13,166637,11905.500000,8651759,17299515,0.156904,50,135,OK
2,Arvore_Binaria,3,Desordenado,200000,cold,14,1206904,11699.100000,8651759,17299515,0.122289,35,86,OK
2,Arvore_Binaria,3,Desordenado,200000,cold,15,1098781,11748.500000,8651759,17299515,0.126116,31,118,OK
2,Arvore_Binaria,3,Desordenado,200000,cold,16,408973,11718.500000,8651759,17299515,0.098434,20,130,OK
2,Arvore_Binaria,3,Desordenado,200000,cold,17,1095079,11753.800000,8651759,17299515,0.105136,23,48,OK
2,Arvore_Binaria,3,Desordenado,200000,cold,18,4257,11730.500000,8651759,17299515,1.321520,865,1785,OK
2,Arvore_Binaria,3,Desordenado,200000,cold,19,434420,11810.400000,8651759,17299515,0.114795,21,50,OK
2,Arvore_Binaria,3,Desordenado,200000,cold,20,17710,11821.300000,8651759,17299515,0.230922,87,182,OK
2,Arvore_Binaria,3,Desordenado,200000,cold,21,90387,11727.500000,8651759,17299515,0.121046,35,155,OK
2,Arvore_Binaria,3,Desordenado,200000,cold,22,382519,11748.300000,8651759,17299515,0.108533,18,43,OK
2,Arvore_Binaria,3,Desordenado,200000,cold,23,104785,11772.800000,8651759,17299515,0.122800,24,82,OK
2,Arvore_Binaria,3,Desordenado,200000,cold,24,172255,11750.400000,8651759,17299515,0.128210,28,109,OK
2,Arvore_Binaria,3,Desordenado,200000,cold,25,569476,11995.600000,8651759,17299515,0.254877,21,133,OK
2,Arvore_Binaria,3,Desordenado,200000,cold,26,82800,11788.900000,8651759,17299515,0.096792,12,96,OK
2,Arvore_Binaria,3,Desordenado,200000,cold,27,152542,11772.200000,8651759,17299515,0.103273,23,86,OK
2,Arvore_Binaria,3,Desordenado,200000,cold,28,192724,11787.700000,8651759,17299515,0.116598,21,64,OK
2,Arvore_Binaria,3,Desordenado,200000,cold,29,739752,11876.700000,8651759,17299515,0.150402,24,104,OK
2,Arvore_Binaria,3,Desordenado,200000,cold,30,120631,11905.300000,8651759,17299515,0.118642,28,121,OK
2,Arvore_Binaria,3,Desordenado,200000,cold,31,34972,11911.300000,8651759,17299515,0.262922,64,198,OK
2,Arvore_Binaria,3,Desordenado,200000,cold,32,980743,11939.300000,8651759,17299515,0.132528,17,54,OK
2,Arvore_Binaria,3,Desordenado,200000,cold,33,92353,11954.600000,8651759,17299515,0.155841,57,165,OK
2,Arvore_Binaria,3,Desordenado,200000,cold,34,1450231,12116.400000,8651759,17299515,0.124372,30,92,OK
2,Arvore_Binaria,3,Desordenado,200000,cold,35,539072,11836.200000,8651759,17299515,0.099477,16,78,OK
2,Arvore_Binaria,3,Desordenado,200000,cold,36,1230178,11891.000000,8651759,17299515,0.124132,34,71,OK
2,Arvore_Binaria,3,Desordenado,200000,cold,37,1474052,11719.800000,8651759,17299515,0.110266,24,144,OK
2,Arvore_Binaria,3,Desordenado,200000,cold,38,179485,11717.100000,8651759,17299515,0.115847,25,133,OK
2,Arvore_Binaria,3,Desordenado,200000,cold,39,121798,11745.500000,8651759,17299515,0.110176,30,156,OK
2,Arvore_Binaria,3,Desordenado,200000,cold,40,182292,11694.600000,8651759,17299515,0.143299,47,184,OK
2,Arvore_Binaria,3,Desordenado,200000,cold,41,1313266,11694.500000,8651759,17299515,0.092403,20,82,OK
2,Arvore_Binaria,3,Desordenado,200000,cold,42,165605,11717.800000,8651759,17299515,0.101820,25,53,OK
2,Arvore_Binaria,3,Desordenado,200000,cold,43,47783,11768.900000,8651759,17299515,0.135393,33,147,OK
2,Arvore_Binaria,3,Desordenado,200000,cold,44,852494,11742.200000,8651759,17299515,0.128711,29,106,OK
2,Arvore_Binaria,3,Desordenado,200000,cold,45,16541,11682.200000,8651759,17299515,0.162504,55,149,OK
2,Arvore_Binaria,3,Desordenado,200000,cold,46,187706,11810.700000,8651759,17299515,0.137166,47,98,OK
2,Arvore_Binaria,3,Desordenado,200000,cold,47,1218886,11967.700000,8651759,17299515,0.123902,32,139,OK
2,Arvore_Binaria,3,Desordenado,200000,cold,48,9695,11900.900000,8651759,17299515,0.751306,461,1015,OK
2,Arvore_Binaria,3,Desordenado,200000,cold,49,203139,11794.200000,8651759,17299515,0.103554,22,66,OK
2,Arvore_Binaria,3,Desordenado,200000,cold,50,415130,11727.800000,8651759,17299515,0.104646,25,93,OK
2,Arvore_Binaria,3,Desordenado,200000,cold,51,1220602,11793.200000,8651759,17299515,0.166091,26,133,OK
2,Arvore_Binaria,3,Desordenado,200000,cold,52,1916985,11763.800000,8651759,17299515,0.111739,20,127,OK
2,Arvore_Binaria,3,Desordenado,200000,cold,53,10985,11738.000000,8651759,17299515,0.583081,343,769,OK
2,Arvore_Binaria,3,Desordenado,200000,cold,54,1744500,11732.700000,8651759,17299515,0.124874,26,81,OK
2,Arvore_Binaria,3,Desordenado,200000,cold,55,1850797,11769.100000,8651759,17299515,0.114204,26,134,OK
2,Arvore_Binaria,3,Desordenado,200000,cold,56,135104,11770.900000,8651759,17299515,0.132468,41,84,OK
2,Arvore_Binaria,3,Desordenado,200000,cold,57,104392,11835.100000,8651759,17299515,0.111369,29,148,OK
2,Arvore_Binaria,3,Desordenado,200000,cold,58,884883,11775.700000,8651759,17299515,0.137337,27,104,OK
2,Arvore_Binaria,3,Desordenado,200000,cold,59,328346,11719.900000,8651759,17299515,0.165900,26,148,OK
2,Arvore_Binaria,3,Desordenado,200000,cold,60,1669913,11746.200000,8651759,17299515,0.100328,21,44,OK
2,Arvore_Binaria,3,Desordenado,200000,cold,61,1806470,11769.700000,8651759,17299515,0.112651,19,135,OK
2,Arvore_Binaria,3,Desordenado,200000,cold,62,480083,11760.100000,8651759,17299515,0.107561,20,108,OK
2,Arvore_Binaria,3,Desordenado,200000,cold,63,169581,11800.300000,8651759,17299515,0.135855,36,151,OK
2,Arvore_Binaria,3,Desordenado,200000,cold,64,768695,11905.200000,8651759,17299515,0.112881,20,134,OK
2,Arvore_Binaria,3,Desordenado,200000,cold,65,75002,11822.200000,8651759,17299515,0.124353,39,78,OK
2,Arvore_Binaria,3,Desordenado,200000,cold,66,93578,11772.000000,8651759,17299515,0.161983,33,142,OK
2,Arvore_Binaria,3,Desordenado,200000,cold,67,12531,11766.500000,8651759,17299515,0.180808,67,163,OK
2,Arvore_Binaria,3,Desordenado,200000,cold,68,171896,11850.400000,8651759,17299515,0.110487,24,142,OK
2,Arvore_Binaria,3,Desordenado,200000,cold,69,87012,11710.000000,8651759,17299515,0.134411,33,76,OK
2,Arvore_Binaria,3,Desordenado,200000,cold,70,71622,11774.400000,8651759,17299515,0.268252,31,82,OK
2,Arvore_Binaria,3,Desordenado,200000,cold,71,32630,11787.000000,8651759,17299515,0.153226,54,136,OK
2,Arvore_Binaria,3,Desordenado,200000,cold,72,1526711,11724.900000,8651759,17299515,0.115445,28,128,OK
2,Arvore_Binaria,3,Desordenado,200000,cold,73,29401,11681.600000,8651759,17299515,0.170159,59,160,OK
2,Arvore_Binaria,3,Desordenado,200000,cold,74,104863,11726.400000,8651759,17299515,0.109746,23,107,OK
2,Arvore_Binaria,3,Desordenado,200000,cold,75,325193,11707.500000,8651759,17299515,0.129021,26,103,OK
2,Arvore_Binaria,3,Desordenado,200000,cold,76,1681980,11785.500000,8651759,17299515,0.120916,22,116,OK
2,Arvore_Binaria,3,Desordenado,200000,cold,77,1210103,11815.900000,8651759,17299515,0.128180,34,122,OK
2,Arvore_Binaria,3,Desordenado,200000,cold,78,1718962,11781.600000,8651759,17299515,0.097182,23,120,OK
2,Arvore_Binaria,3,Desordenado,200000,cold,79,48973,11797.000000,8651759,17299515,0.182080,72,215,OK
2,Arvore_Binaria,3,Desordenado,200000,cold,80,1938482,11709.700000,8651759,17299515,0.094567,17,108,OK
2,Arvore_Binaria,3,Desordenado,200000,cold,81,181421,11737.500000,8651759,17299515,0.151704,59,137,OK
2,Arvore_Binaria,3,Desordenado,200000,cold,82,235131,11717.200000,8651759,17299515,0.125745,34,88,OK
2,Arvore_Binaria,3,Desordenado,200000,cold,83,96297,11709.800000,8651759,17299515,0.124373,29,153,OK
2,Arvore_Binaria,3,Desordenado,200000,cold,84,1090399,11801.300000,8651759,17299515,0.106880,25,73,OK
2,Arvore_Binaria,3,Desordenado,200000,cold,85,1157003,11738.400000,8651759,17299515,0.129653,23,63,OK
2,Arvore_Binaria,3,Desordenado,200000,cold,86,1333556,11761.700000,8651759,17299515,0.111328,28,110,OK
2,Arvore_Binaria,3,Desordenado,200000,cold,87,190600,11747.700000,8651759,17299515,0.116949,32,62,OK
2,Arvore_Binaria,3,Desordenado,200000,cold,88,111280,11781.600000,8651759,17299515,0.116648,30,138,OK
2,Arvore_Binaria,3,Desordenado,200000,cold,89,73662,11739.300000,8651759,17299515,0.095479,16,120,OK
2,Arvore_Binaria,3,Desordenado,200000,cold,90,15051,11735.600000,8651759,17299515,0.260518,133,345,OK
2,Arvore_Binaria,3,Desordenado,200000,cold,91,157929,11701.600000,8651759,17299515,0.109074,27,81,OK
2,Arvore_Binaria,3,Desordenado,200000,cold,92,47305,11765.000000,8651759,17299515,0.115005,33,69,OK
2,Arvore_Binaria,3,Desordenado,200000,cold,93,312086,11754.300000,8651759,17299515,0.117900,24,138,OK
2,Arvore_Binaria,3,Desordenado,200000,cold,94,77009,11763.600000,8651759,17299515,0.093996,18,43,OK
2,Arvore_Binaria,3,Desordenado,200000,cold,95,1203429,11752.800000,8651759,17299515,0.107471,26,53,OK
2,Arvore_Binaria,3,Desordenado,200000,cold,96,26895,11805.300000,8651759,17299515,0.191037,76,245,OK
2,Arvore_Binaria,3,Desordenado,200000,cold,97,20989,11732.300000,8651759,17299515,0.248655,120,327,OK
2,Arvore_Binaria,3,Desordenado,200000,cold,98,281588,11780.000000,8651759,17299515,0.111408,29,118,OK
2,Arvore_Binaria,3,Desordenado,200000,cold,99,1286862,11700.400000,8651759,17299515,0.102432,23,100,OK
2,Arvore_Binaria,3,Desordenado,200000,cold,100,77500,11738.200000,8651759,17299515,0.102743,24,46,OK
2,Arvore_Binaria,3,Desordenado,2000000,cold,1,642768,60000.000000,0,0,0.000000,0,0,TIMEOUT
2,Arvore_Binaria,3,Desordenado,20,warm,1,710139,0.028443,1,0,0.298409,7,31,OK
2,Arvore_Binaria,3,Desordenado,20,warm,2,13,0.024315,1,0,0.301184,5,21,OK
2,Arvore_Binaria,3,Desordenado,20,warm,3,5,0.024635,1,0,0.291496,6,15,OK
2,Arvore_Binaria,3,Desordenado,20,warm,4,1405280,0.024957,1,0,0.297136,8,28,OK
2,Arvore_Binaria,3,Desordenado,20,warm,5,1381208,0.023714,1,0,0.296034,6,21,OK
2,Arvore_Binaria,3,Desordenado,20,warm,6,1405280,0.024446,1,0,0.299030,8,28,OK
2,Arvore_Binaria,3,Desordenado,20,warm,7,1,0.024165,1,0,0.289131,4,7,OK
2,Arvore_Binaria,3,Desordenado,20,warm,8,1381208,0.023023,1,0,0.312054,6,21,OK
2,Arvore_Binaria,3,Desordenado,20,warm,9,710139,0.023524,1,0,0.317815,7,31,OK
2,Arvore_Binaria,3,Desordenado,20,warm,10,13,0.023764,1,0,0.294672,5,21,OK
2,Arvore_Binaria,3,Desordenado,20,warm,11,1890023,0.023765,1,0,0.294651,4,14,OK
2,Arvore_Binaria,3,Desordenado,20,warm,12,1,0.024315,1,0,0.287248,4,7,OK
2,Arvore_Binaria,3,Desordenado,20,warm,13,802454,0.023043,1,0,0.283531,3,6,OK
2,Arvore_Binaria,3,Desordenado,20,warm,14,1665184,0.023715,1,0,0.289983,7,24,OK
2,Arvore_Binaria,3,Desordenado,20,warm,15,1381208,0.024085,1,0,0.288440,6,21,OK
2,Arvore_Binaria,3,Desordenado,20,warm,16,1651911,0.024335,1,0,0.324377,9,32,OK
2,Arvore_Binaria,3,Desordenado,20,warm,17,5,0.023574,1,0,0.316052,6,15,OK
2,Arvore_Binaria,3,Desordenado,20,warm,18,0,0.023574,1,0,0.285314,3,4,OK
2,Arvore_Binaria,3,Desordenado,20,warm,19,28385,0.023575,1,0,0.288169,4,10,OK
2,Arvore_Binaria,3,Desordenado,20,warm,20,710139,0.024015,1,0,0.292627,7,31,OK
2,Arvore_Binaria,3,Desordenado,20,warm,21,1405280,0.023704,1,0,0.294943,8,28,OK
2,Arvore_Binaria,3,Desordenado,20,warm,22,1,0.023845,1,0,0.290654,4,7,OK
2,Arvore_Binaria,3,Desordenado,20,warm,23,28385,0.024396,1,0,0.423142,4,10,OK
2,Arvore_Binaria,3,Desordenado,20,warm,24,802454,0.023774,1,0,0.325089,3,6,OK
2,Arvore_Binaria,3,Desordenado,20,warm,25,381415,0.023984,1,0,0.323255,6,17,OK
2,Arvore_Binaria,3,Desordenado,20,warm,26,1381208,0.023704,1,0,0.297176,6,21,OK
2,Arvore_Binaria,3,Desordenado,20,warm,27,1381208,0.026770,1,0,0.294441,6,21,OK
2,Arvore_Binaria,3,Desordenado,20,warm,28,1665184,0.023904,1,0,0.291556,7,24,OK
2,Arvore_Binaria,3,Desordenado,20,warm,29,1443656,0.023865,1,0,0.303979,10,36,OK
2,Arvore_Binaria,3,Desordenado,20,warm,30,1,0.024266,1,0,0.285465,4,7,OK
2,Arvore_Binaria,3,Desordenado,20,warm,31,710139,0.023354,1,0,0.317915,7,31,OK
2,Arvore_Binaria,3,Desordenado,20,warm,32,28385,0.023694,1,0,0.302186,4,10,OK
2,Arvore_Binaria,3,Desordenado,20,warm,33,1405280,0.023875,1,0,0.290574,8,28,OK
2,Arvore_Binaria,3,Desordenado,20,warm,34,1381208,0.024015,1,0,0.290594,6,21,OK
2,Arvore_Binaria,3,Desordenado,20,warm,35,1381208,0.023595,1,0,0.293801,6,21,OK
2,Arvore_Binaria,3,Desordenado,20,warm,36,1405280,0.023985,1,0,0.296875,8,28,OK
2,Arvore_Binaria,3,Desordenado,20,warm,37,802454,0.023734,1,0,0.281918,3,6,OK
2,Arvore_Binaria,3,Desordenado,20,warm,38,1443656,0.024014,1,0,0.314278,10,36,OK
2,Arvore_Binaria,3,Desordenado,20,warm,39,28385,0.023043,1,0,0.316202,4,10,OK
2,Arvore_Binaria,3,Desordenado,20,warm,40,1651911,0.023675,1,0,0.291044,9,32,OK
2,Arvore_Binaria,3,Desordenado,20,warm,41,1381208,0.023695,1,0,0.291606,6,21,OK
2,Arvore_Binaria,3,Desordenado,20,warm,42,1665184,0.023955,1,0,0.290083,7,24,OK
2,Arvore_Binaria,3,Desordenado,20,warm,43,10,0.023394,1,0,0.280004,2,12,OK
2,Arvore_Binaria,3,Desordenado,20,warm,44,1890023,0.024106,1,0,0.334055,4,14,OK
2,Arvore_Binaria,3,Desordenado,20,warm,45,381415,0.025568,1,0,0.289151,6,17,OK
2,Arvore_Binaria,3,Desordenado,20,warm,46,3,0.023263,1,0,0.312545,5,11,OK
2,Arvore_Binaria,3,Desordenado,20,warm,47,0,0.023695,1,0,0.284903,3,4,OK
2,Arvore_Binaria,3,Desordenado,20,warm,48,5,0.023444,1,0,0.379079,6,15,OK
2,Arvore_Binaria,3,Desordenado,20,warm,49,950291,0.023594,1,0,0.319207,7,27,OK
2,Arvore_Binaria,3,Desordenado,20,warm,50,1651911,0.023455,1,0,0.291196,9,32,OK
2,Arvore_Binaria,3,Desordenado,20,warm,51,1665184,0.023694,1,0,0.292488,7,24,OK
2,Arvore_Binaria,3,Desordenado,20,warm,52,548223,0.023915,1,0,0.291085,6,27,OK
2,Arvore_Binaria,3,Desordenado,20,warm,53,3,0.023433,1,0,0.287258,5,11,OK
2,Arvore_Binaria,3,Desordenado,20,warm,54,1890023,0.054833,1,0,0.291866,4,14,OK
2,Arvore_Binaria,3,Desordenado,20,warm,55,1890023,0.023675,1,0,0.321812,4,14,OK
2,Arvore_Binaria,3,Desordenado,20,warm,56,1405280,0.023234,1,0,0.332653,8,28,OK
2,Arvore_Binaria,3,Desordenado,20,warm,57,520890,0.023945,1,0,0.296154,5,14,OK
2,Arvore_Binaria,3,Desordenado,20,warm,58,710139,0.024335,1,0,0.299851,7,31,OK
2,Arvore_Binaria,3,Desordenado,20,warm,59,1830597,0.024015,1,0,0.294661,5,17,OK
2,Arvore_Binaria,3,Desordenado,20,warm,60,950291,0.023054,1,0,0.291575,7,27,OK
2,Arvore_Binaria,3,Desordenado,20,warm,61,520890,0.023444,1,0,0.286426,5,14,OK
2,Arvore_Binaria,3,Desordenado,20,warm,62,3,0.024275,1,0,0.286797,5,11,OK
2,Arvore_Binaria,3,Desordenado,20,warm,63,28385,0.023785,1,0,0.322784,4,10,OK
2,Arvore_Binaria,3,Desordenado,20,warm,64,802454,0.023974,1,0,0.317545,3,6,OK
2,Arvore_Binaria,3,Desordenado,20,warm,65,1405280,0.023053,1,0,0.370894,8,28,OK
2,Arvore_Binaria,3,Desordenado,20,warm,66,5,0.023784,1,0,0.289652,6,15,OK
2,Arvore_Binaria,3,Desordenado,20,warm,67,1405280,0.023254,1,0,0.291536,8,28,OK
2,Arvore_Binaria,3,Desordenado,20,warm,68,802454,0.023374,1,0,0.282378,3,6,OK
2,Arvore_Binaria,3,Desordenado,20,warm,69,10,0.024766,1,0,0.320530,2,12,OK
2,Arvore_Binaria,3,Desordenado,20,warm,70,1381208,0.024155,1,0,0.287317,6,21,OK
2,Arvore_Binaria,3,Desordenado,20,warm,71,802454,0.023875,1,0,0.322092,3,6,OK
2,Arvore_Binaria,3,Desordenado,20,warm,72,548223,0.024105,1,0,0.318396,6,27,OK
2,Arvore_Binaria,3,Desordenado,20,warm,73,548223,0.023594,1,0,0.322784,6,27,OK
2,Arvore_Binaria,3,Desordenado,20,warm,74,1830597,0.023584,1,0,0.287508,5,17,OK
2,Arvore_Binaria,3,Desordenado,20,warm,75,1830597,0.023775,1,0,0.284753,5,17,OK
2,Arvore_Binaria,3,Desordenado,20,warm,76,5,0.024375,1,0,0.289232,6,15,OK
2,Arvore_Binaria,3,Desordenado,20,warm,77,5,0.023674,1,0,0.289993,6,15,OK
2,Arvore_Binaria,3,Desordenado,20,warm,78,1381208,0.023764,1,0,0.284944,6,21,OK
2,Arvore_Binaria,3,Desordenado,20,warm,79,1651911,0.059411,1,0,0.290524,9,32,OK
2,Arvore_Binaria,3,Desordenado,20,warm,80,381415,0.024295,1,0,0.319368,6,17,OK
2,Arvore_Binaria,3,Desordenado,20,warm,81,3,0.023724,1,0,0.326822,5,11,OK
2,Arvore_Binaria,3,Desordenado,20,warm,82,520890,0.023163,1,0,0.333474,5,14,OK
2,Arvore_Binaria,3,Desordenado,20,warm,83,28385,0.023364,1,0,0.284472,4,10,OK
2,Arvore_Binaria,3,Desordenado,20,warm,84,381415,0.022993,1,0,0.287398,6,17,OK
2,Arvore_Binaria,3,Desordenado,20,warm,85,950291,0.023855,1,0,0.289211,7,27,OK
2,Arvore_Binaria,3,Desordenado,20,warm,86,0,0.023815,1,0,0.286175,3,4,OK
2,Arvore_Binaria,3,Desordenado,20,warm,87,1381208,0.023644,1,0,0.298439,6,21,OK
2,Arvore_Binaria,3,Desordenado,20,warm,88,548223,0.053360,1,0,0.291756,6,27,OK
2,Arvore_Binaria,3,Desordenado,20,warm,89,1443656,0.023834,1,0,0.339456,10,36,OK
2,Arvore_Binaria,3,Desordenado,20,warm,90,1381208,0.023574,1,0,0.321872,6,21,OK
2,Arvore_Binaria,3,Desordenado,20,warm,91,1405280,0.023294,1,0,0.298288,8,28,OK
2,Arvore_Binaria,3,Desordenado,20,warm,92,548223,0.023334,1,0,0.295573,6,27,OK
2,Arvore_Binaria,3,Desordenado,20,warm,93,28385,0.024586,1,0,0.298118,4,10,OK
2,Arvore_Binaria,3,Desordenado,20,warm,94,710139,0.023074,1,0,0.291836,7,31,OK
2,Arvore_Binaria,3,Desordenado,20,warm,95,802454,0.023344,1,0,0.284041,3,6,OK
2,Arvore_Binaria,3,Desordenado,20,warm,96,802454,0.043482,1,0,0.288359,3,6,OK
2,Arvore_Binaria,3,Desordenado,20,warm,97,1830597,0.023434,1,0,0.389810,5,17,OK
2,Arvore_Binaria,3,Desordenado,20,warm,98,1665184,0.023524,1,0,0.307155,7,24,OK
2,Arvore_Binaria,3,Desordenado,20,warm,99,950291,0.022972,1,0,0.286205,7,27,OK
2,Arvore_Binaria,3,Desordenado,20,warm,100,1651911,0.023895,1,0,0.301554,9,32,OK
2,Arvore_Binaria,3,Desordenado,2000,warm,1,609056,0.029756,1,0,0.408976,19,111,OK
2,Arvore_Binaria,3,Desordenado,2000,warm,2,1515990,0.026128,1,0,0.394758,21,78,OK
2,Arvore_Binaria,3,Desordenado,2000,warm,3,179353,0.026249,1,0,0.370484,16,116,OK
2,Arvore_Binaria,3,Desordenado,2000,warm,4,1592294,0.025929,1,0,0.383628,13,101,OK
2,Arvore_Binaria,3,Desordenado,2000,warm,5,1954401,0.026069,1,0,0.362949,7,63,OK
2,Arvore_Binaria,3,Desordenado,2000,warm,6,256,0.025968,1,0,0.500035,92,238,OK
2,Arvore_Binaria,3,Desordenado,2000,warm,7,666428,0.026089,1,0,0.366576,18,125,OK
2,Arvore_Binaria,3,Desordenado,2000,warm,8,649,0.025718,1,0,0.703917,242,531,OK
2,Arvore_Binaria,3,Desordenado,2000,warm,9,1315,0.025878,1,0,0.521526,113,239,OK
2,Arvore_Binaria,3,Desordenado,2000,warm,10,1954401,0.029324,1,0,0.348051,7,63,OK
2,Arvore_Binaria,3,Desordenado,2000,warm,11,678577,0.045866,1,0,0.344003,15,49,OK
2,Arvore_Binaria,3,Desordenado,2000,warm,12,463162,0.025448,1,0,0.368800,13,78,OK
2,Arvore_Binaria,3,Desordenado,2000,warm,13,1742468,0.026760,1,0,0.403014,15,120,OK
2,Arvore_Binaria,3,Desordenado,2000,warm,14,458346,0.025888,1,0,0.386944,14,85,OK
2,Arvore_Binaria,3,Desordenado,2000,warm,15,1132394,0.029756,1,0,0.379230,19,41,OK
2,Arvore_Binaria,3,Desordenado,2000,warm,16,1931382,0.026700,1,0,0.383147,8,76,OK
2,Arvore_Binaria,3,Desordenado,2000,warm,17,1597011,0.025377,1,0,0.370693,18,132,OK
2,Arvore_Binaria,3,Desordenado,2000,warm,18,412892,0.025758,1,0,0.345336,16,127,OK
2,Arvore_Binaria,3,Desordenado,2000,warm,19,875558,0.029625,1,0,0.352790,20,135,OK
2,Arvore_Binaria,3,Desordenado,2000,warm,20,253884,0.025267,1,0,0.355195,19,65,OK
2,Arvore_Binaria,3,Desordenado,2000,warm,21,549128,0.025057,1,0,0.350746,11,30,OK
2,Arvore_Binaria,3,Desordenado,2000,warm,22,761599,0.025208,1,0,0.344494,16,33,OK
2,Arvore_Binaria,3,Desordenado,2000,warm,23,1342545,0.026289,1,0,0.341790,15,100,OK
2,Arvore_Binaria,3,Desordenado,2000,warm,24,1572,0.025408,1,0,0.642182,212,494,OK
2,Arvore_Binaria,3,Desordenado,2000,warm,25,1978,0.026540,1,0,0.854710,366,808,OK
2,Arvore_Binaria,3,Desordenado,2000,warm,26,705719,0.025728,1,0,0.350726,13,88,OK
2,Arvore_Binaria,3,Desordenado,2000,warm,27,1548480,0.025778,1,0,0.349083,20,124,OK
2,Arvore_Binaria,3,Desordenado,2000,warm,28,1029,0.025848,1,0,0.353121,16,59,OK
2,Arvore_Binaria,3,Desordenado,2000,warm,29,1540617,0.025979,1,0,0.357018,24,111,OK
2,Arvore_Binaria,3,Desordenado,2000,warm,30,446636,0.025929,1,0,0.339755,16,108,OK
2,Arvore_Binaria,3,Desordenado,2000,warm,31,507449,0.026249,1,0,0.347200,9,29,OK
2,Arvore_Binaria,3,Desordenado,2000,warm,32,1702,0.026540,1,0,0.724205,263,526,OK
2,Arvore_Binaria,3,Desordenado,2000,warm,33,254,0.025808,1,0,0.456343,90,232,OK
2,Arvore_Binaria,3,Desordenado,2000,warm,34,529027,0.025498,1,0,0.343422,9,77,OK
2,Arvore_Binaria,3,Desordenado,2000,warm,35,313,0.025818,1,0,0.491399,115,241,OK
2,Arvore_Binaria,3,Desordenado,2000,warm,36,622,0.025568,1,0,0.677318,232,484,OK
2,Arvore_Binaria,3,Desordenado,2000,warm,37,1082621,0.029155,1,0,0.332993,15,65,OK
2,Arvore_Binaria,3,Desordenado,2000,warm,38,1059359,0.025869,1,0,0.334135,13,55,OK
2,Arvore_Binaria,3,Desordenado,2000,warm,39,814810,0.026038,1,0,0.333534,12,82,OK
2,Arvore_Binaria,3,Desordenado,2000,warm,40,1914,0.025788,1,0,0.811539,339,690,OK
2,Arvore_Binaria,3,Desordenado,2000,warm,41,1452,0.034615,1,0,0.853106,168,386,OK
2,Arvore_Binaria,3,Desordenado,2000,warm,42,1359404,0.026820,1,0,0.359613,15,89,OK
2,Arvore_Binaria,3,Desordenado,2000,warm,43,1043733,0.028794,1,0,0.336480,15,36,OK
2,Arvore_Binaria,3,Desordenado,2000,warm,44,1940,0.025377,1,0,0.839491,348,734,OK
2,Arvore_Binaria,3,Desordenado,2000,warm,45,1926,0.026179,1,0,0.819945,342,708,OK
2,Arvore_Binaria,3,Desordenado,2000,warm,46,1062,0.026099,1,0,0.362338,23,106,OK
2,Arvore_Binaria,3,Desordenado,2000,warm,47,1832,0.029205,1,0,0.777825,311,652,OK
2,Arvore_Binaria,3,Desordenado,2000,warm,48,581,0.025027,1,0,0.648323,216,511,OK
2,Arvore_Binaria,3,Desordenado,2000,warm,49,1019181,0.025818,1,0,0.340417,17,64,OK
2,Arvore_Binaria,3,Desordenado,2000,warm,50,693692,0.025808,1,0,0.354734,12,83,OK
2,Arvore_Binaria,3,Desordenado,2000,warm,51,1240140,0.025578,1,0,0.337311,19,49,OK
2,Arvore_Binaria,3,Desordenado,2000,warm,52,402,0.025047,1,0,0.524151,148,296,OK
2,Arvore_Binaria,3,Desordenado,2000,warm,53,1876949,0.025868,1,0,0.341639,12,22,OK
2,Arvore_Binaria,3,Desordenado,2000,warm,54,524475,0.025799,1,0,0.317504,10,76,OK
2,Arvore_Binaria,3,Desordenado,2000,warm,55,332086,0.025708,1,0,0.376564,16,58,OK
2,Arvore_Binaria,3,Desordenado,2000,warm,56,1201890,0.025488,1,0,0.362418,19,98,OK
2,Arvore_Binaria,3,Desordenado,2000,warm,57,256,0.027151,1,0,0.512519,92,238,OK
2,Arvore_Binaria,3,Desordenado,2000,warm,58,904965,0.025688,1,0,0.367168,17,112,OK
2,Arvore_Binaria,3,Desordenado,2000,warm,59,105244,0.025358,1,0,0.374200,17,52,OK
2,Arvore_Binaria,3,Desordenado,2000,warm,60,1884730,0.028403,1,0,0.324258,12,80,OK
2,Arvore_Binaria,3,Desordenado,2000,warm,61,1438209,0.025628,1,0,0.348642,17,124,OK
2,Arvore_Binaria,3,Desordenado,2000,warm,62,1475120,0.025978,1,0,0.354043,17,123,OK
2,Arvore_Binaria,3,Desordenado,2000,warm,63,1029,0.025568,1,0,0.328084,16,59,OK
2,Arvore_Binaria,3,Desordenado,2000,warm,64,1891481,0.025789,1,0,0.329707,9,28,OK
2,Arvore_Binaria,3,Desordenado,2000,warm,65,345,0.025628,1,0,0.529090,127,297,OK
2,Arvore_Binaria,3,Desordenado,2000,warm,66,736671,0.045856,1,0,0.324618,15,40,OK
2,Arvore_Binaria,3,Desordenado,2000,warm,67,1928,0.025648,1,0,0.825024,343,712,OK
2,Arvore_Binaria,3,Desordenado,2000,warm,68,1189,0.025167,1,0,0.419675,66,219,OK
2,Arvore_Binaria,3,Desordenado,2000,warm,69,315,0.024936,1,0,0.501569,116,245,OK
2,Arvore_Binaria,3,Desordenado,2000,warm,70,57555,0.025438,1,0,0.319718,11,70,OK
2,Arvore_Binaria,3,Desordenado,2000,warm,71,608315,0.025708,1,0,0.349484,19,85,OK
2,Arvore_Binaria,3,Desordenado,2000,warm,72,591401,0.028012,1,0,0.354494,15,106,OK
2,Arvore_Binaria,3,Desordenado,2000,warm,73,1475,0.026019,1,0,0.607557,179,431,OK
2,Arvore_Binaria,3,Desordenado,2000,warm,74,1847,0.026680,1,0,0.781673,317,679,OK
2,Arvore_Binaria,3,Desordenado,2000,warm,75,1239,0.026039,1,0,0.422191,83,203,OK
2,Arvore_Binaria,3,Desordenado,2000,warm,76,691,0.026069,1,0,0.710149,263,615,OK
2,Arvore_Binaria,3,Desordenado,2000,warm,77,773755,0.029586,1,0,0.337111,17,57,OK
2,Arvore_Binaria,3,Desordenado,2000,warm,78,1857579,0.025999,1,0,0.336870,14,118,OK
2,Arvore_Binaria,3,Desordenado,2000,warm,79,558994,0.025719,1,0,0.326841,11,74,OK
2,Arvore_Binaria,3,Desordenado,2000,warm,80,381125,0.025958,1,0,0.345156,11,104,OK
2,Arvore_Binaria,3,Desordenado,2000,warm,81,601519,0.025638,1,0,0.346008,17,122,OK
2,Arvore_Binaria,3,Desordenado,2000,warm,82,1769,0.057267,1,0,0.730708,295,657,OK
2,Arvore_Binaria,3,Desordenado,2000,warm,83,582425,0.025598,1,0,0.325970,8,72,OK
2,Arvore_Binaria,3,Desordenado,2000,warm,84,1869620,0.025849,1,0,0.338012,7,78,OK
2,Arvore_Binaria,3,Desordenado,2000,warm,85,93,0.025448,1,0,0.386904,35,161,OK
2,Arvore_Binaria,3,Desordenado,2000,warm,86,156639,0.025979,1,0,0.370603,16,72,OK
2,Arvore_Binaria,3,Desordenado,2000,warm,87,1744976,0.026008,1,0,0.348732,14,39,OK
2,Arvore_Binaria,3,Desordenado,2000,warm,88,1090034,0.025027,1,0,0.379700,17,111,OK
2,Arvore_Binaria,3,Desordenado,2000,warm,89,1894059,0.025297,1,0,0.326401,10,99,OK
2,Arvore_Binaria,3,Desordenado,2000,warm,90,1448053,0.025789,1,0,0.340117,15,70,OK
2,Arvore_Binaria,3,Desordenado,2000,warm,91,972781,0.025668,1,0,0.337121,17,65,OK
2,Arvore_Binaria,3,Desordenado,2000,warm,92,884063,0.025959,1,0,0.340808,15,59,OK
2,Arvore_Binaria,3,Desordenado,2000,warm,93,47679,0.027151,1,0,0.369782,15,98,OK
2,Arvore_Binaria,3,Desordenado,2000,warm,94,350796,0.025818,1,0,0.345296,21,111,OK
2,Arvore_Binaria,3,Desordenado,2000,warm,95,274008,0.037680,1,0,0.426829,17,85,OK
2,Arvore_Binaria,3,Desordenado,2000,warm,96,88950,0.025508,1,0,0.332553,16,95,OK
2,Arvore_Binaria,3,Desordenado,2000,warm,97,1769345,0.026419,1,0,0.400269,14,34,OK
2,Arvore_Binaria,3,Desordenado,2000,warm,98,873859,0.025759,1,0,0.340087,11,82,OK
2,Arvore_Binaria,3,Desordenado,2000,warm,99,353423,0.025748,1,0,0.367868,21,59,OK
2,Arvore_Binaria,3,Desordenado,2000,warm,100,380792,0.025628,1,0,0.347380,14,46,OK
2,Arvore_Binaria,3,Desordenado,20000,warm,1,318068,0.033312,1,0,0.391693,21,131,OK
2,Arvore_Binaria,3,Desordenado,20000,warm,2,9899,0.027582,1,0,1.113100,530,1157,OK
2,Arvore_Binaria,3,Desordenado,20000,warm,3,15825,0.026740,1,0,0.615522,197,417,OK
2,Arvore_Binaria,3,Desordenado,20000,warm,4,293760,0.027021,1,0,0.399307,18,58,OK
2,Arvore_Binaria,3,Desordenado,20000,warm,5,13306,0.025418,1,0,0.423252,57,118,OK
2,Arvore_Binaria,3,Desordenado,20000,warm,6,1626106,0.025959,1,0,0.366756,21,86,OK
2,Arvore_Binaria,3,Desordenado,20000,warm,7,14861,0.026810,1,0,0.427270,62,183,OK
2,Arvore_Binaria,3,Desordenado,20000,warm,8,1490314,0.025888,1,0,0.361176,19,127,OK
2,Arvore_Binaria,3,Desordenado,20000,warm,9,1963,0.025497,1,0,1.417320,739,1539,OK
2,Arvore_Binaria,3,Desordenado,20000,warm,10,594503,0.028283,1,0,0.349895,20,117,OK
2,Arvore_Binaria,3,Desordenado,20000,warm,11,14404,0.025538,1,0,0.706863,245,492,OK
2,Arvore_Binaria,3,Desordenado,20000,warm,12,288322,0.025498,1,0,0.404797,23,63,OK
2,Arvore_Binaria,3,Desordenado,20000,warm,13,1389179,0.025277,1,0,0.379099,22,109,OK
2,Arvore_Binaria,3,Desordenado,20000,warm,14,816033,0.025948,1,0,0.352280,18,52,OK
2,Arvore_Binaria,3,Desordenado,20000,warm,15,1364004,0.025648,1,0,0.350957,14,111,OK
2,Arvore_Binaria,3,Desordenado,20000,warm,16,1205213,0.025869,1,0,0.365453,26,97,OK
2,Arvore_Binaria,3,Desordenado,20000,warm,17,19879,0.025869,1,0,0.416790,66,209,OK
2,Arvore_Binaria,3,Desordenado,20000,warm,18,1089397,0.025738,1,0,0.347701,15,35,OK
2,Arvore_Binaria,3,Desordenado,20000,warm,19,472556,0.027262,1,0,0.374901,18,76,OK
2,Arvore_Binaria,3,Desordenado,20000,warm,20,1414808,0.025768,1,0,0.359443,22,105,OK
2,Arvore_Binaria,3,Desordenado,20000,warm,21,11317,0.053861,1,0,1.028520,453,921,OK
2,Arvore_Binaria,3,Desordenado,20000,warm,22,13065,0.025467,1,0,0.491420,99,261,OK
2,Arvore_Binaria,3,Desordenado,20000,warm,23,4284,0.025838,1,0,1.680290,880,1842,OK
2,Arvore_Binaria,3,Desordenado,20000,warm,24,907123,0.025678,1,0,0.371726,19,77,OK
2,Arvore_Binaria,3,Desordenado,20000,warm,25,16874,0.025898,1,0,0.623627,189,450,OK
2,Arvore_Binaria,3,Desordenado,20000,warm,26,18404,0.025347,1,0,0.462566,79,160,OK
2,Arvore_Binaria,3,Desordenado,20000,warm,27,756516,0.025878,1,0,0.381194,23,123,OK
2,Arvore_Binaria,3,Desordenado,20000,warm,28,1868100,0.025378,1,0,0.370133,16,86,OK
2,Arvore_Binaria,3,Desordenado,20000,warm,29,7921,0.026289,1,0,1.104200,521,1061,OK
2,Arvore_Binaria,3,Desordenado,20000,warm,30,614436,0.025818,1,0,0.365224,27,137,OK
2,Arvore_Binaria,3,Desordenado,20000,warm,31,1547137,0.025288,1,0,0.361186,24,60,OK
2,Arvore_Binaria,3,Desordenado,20000,warm,32,449722,0.028935,1,0,0.354934,21,104,OK
2,Arvore_Binaria,3,Desordenado,20000,warm,33,14732,0.026240,1,0,0.474267,83,196,OK
2,Arvore_Binaria,3,Desordenado,20000,warm,34,1259035,0.025558,1,0,0.374040,22,65,OK
2,Arvore_Binaria,3,Desordenado,20000,warm,35,1799462,0.025729,1,0,0.350516,17,48,OK
2,Arvore_Binaria,3,Desordenado,20000,warm,36,981881,0.025227,1,0,0.388377,16,102,OK
2,Arvore_Binaria,3,Desordenado,20000,warm,37,455011,0.029155,1,0,0.362658,18,92,OK
2,Arvore_Binaria,3,Desordenado,20000,warm,38,308951,0.025557,1,0,0.385631,23,53,OK
2,Arvore_Binaria,3,Desordenado,20000,warm,39,132682,0.025938,1,0,0.366206,27,139,OK
2,Arvore_Binaria,3,Desordenado,20000,warm,40,718690,0.025378,1,0,0.366616,25,49,OK
2,Arvore_Binaria,3,Desordenado,20000,warm,41,8135,0.025547,1,0,0.844049,347,727,OK
2,Arvore_Binaria,3,Desordenado,20000,warm,42,517718,0.025478,1,0,0.373088,20,71,OK
2,Arvore_Binaria,3,Desordenado,20000,warm,43,1933773,0.025508,1,0,0.364061,14,55,OK
2,Arvore_Binaria,3,Desordenado,20000,warm,44,18929,0.025388,1,0,0.633405,196,419,OK
2,Arvore_Binaria,3,Desordenado,20000,warm,45,1319354,0.025607,1,0,0.371154,18,81,OK
2,Arvore_Binaria,3,Desordenado,20000,warm,46,711892,0.025147,1,0,0.373159,18,54,OK
2,Arvore_Binaria,3,Desordenado,20000,warm,47,1030988,0.024756,1,0,0.351287,19,57,OK
2,Arvore_Binaria,3,Desordenado,20000,warm,48,16327,0.025908,1,0,0.426739,65,155,OK
2,Arvore_Binaria,3,Desordenado,20000,warm,49,1991240,0.025798,1,0,0.347740,14,92,OK
2,Arvore_Binaria,3,Desordenado,20000,warm,50,15296,0.026138,1,0,0.665877,228,550,OK
2,Arvore_Binaria,3,Desordenado,20000,warm,51,610975,0.026029,1,0,0.368850,26,93,OK
2,Arvore_Binaria,3,Desordenado,20000,warm,52,682176,0.025778,1,0,0.371946,26,60,OK
2,Arvore_Binaria,3,Desordenado,20000,warm,53,16297,0.026710,1,0,0.447447,78,251,OK
2,Arvore_Binaria,3,Desordenado,20000,warm,54,1202286,0.026169,1,0,0.353993,18,93,OK
2,Arvore_Binaria,3,Desordenado,20000,warm,55,254974,0.025818,1,0,0.395941,24,96,OK
2,Arvore_Binaria,3,Desordenado,20000,warm,56,12885,0.025849,1,0,0.460902,77,237,OK
2,Arvore_Binaria,3,Desordenado,20000,warm,57,16562,0.026269,1,0,0.428712,68,196,OK
2,Arvore_Binaria,3,Desordenado,20000,warm,58,14982,0.025668,1,0,0.481361,108,296,OK
2,Arvore_Binaria,3,Desordenado,20000,warm,59,1726602,0.025808,1,0,0.373019,17,120,OK
2,Arvore_Binaria,3,Desordenado,20000,warm,60,929414,0.025227,1,0,0.378148,21,89,OK
2,Arvore_Binaria,3,Desordenado,20000,warm,61,766256,0.026079,1,0,0.408805,24,61,OK
2,Arvore_Binaria,3,Desordenado,20000,warm,62,11563,0.025307,1,0,1.097560,506,1073,OK
2,Arvore_Binaria,3,Desordenado,20000,warm,63,1594,0.026499,1,0,1.214020,596,1284,OK
2,Arvore_Binaria,3,Desordenado,20000,warm,64,1656,0.026320,1,0,1.255370,622,1298,OK
2,Arvore_Binaria,3,Desordenado,20000,warm,65,480493,0.034595,1,0,0.413824,21,59,OK
2,Arvore_Binaria,3,Desordenado,20000,warm,66,727170,0.025358,1,0,0.366395,17,48,OK
2,Arvore_Binaria,3,Desordenado,20000,warm,67,19579,0.025136,1,0,0.437569,78,233,OK
2,Arvore_Binaria,3,Desordenado,20000,warm,68,419246,0.025408,1,0,0.360454,21,60,OK
2,Arvore_Binaria,3,Desordenado,20000,warm,69,9363,0.025648,1,0,0.885968,347,755,OK
2,Arvore_Binaria,3,Desordenado,20000,warm,70,1074158,0.025748,1,0,0.374951,19,122,OK
2,Arvore_Binaria,3,Desordenado,20000,warm,71,990695,0.025828,1,0,0.418974,10,85,OK
2,Arvore_Binaria,3,Desordenado,20000,warm,72,3522,0.029355,1,0,1.308510,670,1360,OK
2,Arvore_Binaria,3,Desordenado,20000,warm,73,14120,0.025327,1,0,0.552324,143,304,OK
2,Arvore_Binaria,3,Desordenado,20000,warm,74,187995,0.025878,1,0,0.360865,24,134,OK
2,Arvore_Binaria,3,Desordenado,20000,warm,75,8666,0.025327,1,0,0.975445,435,934,OK
2,Arvore_Binaria,3,Desordenado,20000,warm,76,438395,0.029105,1,0,0.373869,18,119,OK
2,Arvore_Binaria,3,Desordenado,20000,warm,77,1810369,0.026420,1,0,0.376404,19,49,OK
2,Arvore_Binaria,3,Desordenado,20000,warm,78,11991,0.026710,1,0,0.866531,369,827,OK
2,Arvore_Binaria,3,Desordenado,20000,warm,79,1482,0.026670,1,0,1.142260,558,1196,OK
2,Arvore_Binaria,3,Desordenado,20000,warm,80,94444,0.026029,1,0,0.407573,25,74,OK
2,Arvore_Binaria,3,Desordenado,20000,warm,81,1676,0.025567,1,0,1.259700,632,1338,OK
2,Arvore_Binaria,3,Desordenado,20000,warm,82,835063,0.025367,1,0,0.359072,22,128,OK
2,Arvore_Binaria,3,Desordenado,20000,warm,83,1711213,0.025808,1,0,0.367408,21,49,OK
2,Arvore_Binaria,3,Desordenado,20000,warm,84,6378,0.025318,1,0,1.000560,445,966,OK
2,Arvore_Binaria,3,Desordenado,20000,warm,85,285090,0.025708,1,0,0.397965,24,125,OK
2,Arvore_Binaria,3,Desordenado,20000,warm,86,18128,0.026740,1,0,0.470761,56,138,OK
2,Arvore_Binaria,3,Desordenado,20000,warm,87,1949460,0.025498,1,0,0.383317,15,84,OK
2,Arvore_Binaria,3,Desordenado,20000,warm,88,748689,0.025067,1,0,0.397825,19,45,OK
2,Arvore_Binaria,3,Desordenado,20000,warm,89,12659,0.029034,1,0,0.506248,111,279,OK
2,Arvore_Binaria,3,Desordenado,20000,warm,90,16523,0.025507,1,0,0.452567,66,153,OK
2,Arvore_Binaria,3,Desordenado,20000,warm,91,1712044,0.025407,1,0,0.386143,22,99,OK
2,Arvore_Binaria,3,Desordenado,20000,warm,92,18017,0.025597,1,0,0.525574,99,213,OK
2,Arvore_Binaria,3,Desordenado,20000,warm,93,9165,0.025769,1,0,1.013020,458,979,OK
2,Arvore_Binaria,3,Desordenado,20000,warm,94,3893,0.025929,1,0,1.426500,744,1579,OK
2,Arvore_Binaria,3,Desordenado,20000,warm,95,1069414,0.025898,1,0,0.342712,15,44,OK
2,Arvore_Binaria,3,Desordenado,20000,warm,96,3168,0.025628,1,0,2.035340,1163,2392,OK
2,Arvore_Binaria,3,Desordenado,20000,warm,97,1670650,0.025267,1,0,0.398956,17,39,OK
2,Arvore_Binaria,3,Desordenado,20000,warm,98,12228,0.025748,1,0,0.895957,351,728,OK
2,Arvore_Binaria,3,Desordenado,20000,warm,99,219311,0.025628,1,0,0.366055,25,59,OK
2,Arvore_Binaria,3,Desordenado,20000,warm,100,1153351,0.025859,1,0,0.353170,19,115,OK
2,Arvore_Binaria,3,Desordenado,200000,warm,1,483786,0.033323,1,0,0.389829,23,53,OK
2,Arvore_Binaria,3,Desordenado,200000,warm,2,37818,0.025598,1,0,0.358451,24,64,OK
2,Arvore_Binaria,3,Desordenado,200000,warm,3,52181,0.026299,1,0,0.397404,54,187,OK
2,Arvore_Binaria,3,Desordenado,200000,warm,4,1075458,0.029685,1,0,0.360034,26,82,OK
2,Arvore_Binaria,3,Desordenado,200000,warm,5,133463,0.025839,1,0,0.366165,31,123,OK
2,Arvore_Binaria,3,Desordenado,200000,warm,6,1966963,0.025447,1,0,0.357178,24,67,OK
2,Arvore_Binaria,3,Desordenado,200000,warm,7,297052,0.025859,1,0,0.335076,16,122,OK
2,Arvore_Binaria,3,Desordenado,200000,warm,8,10552,0.028844,1,0,0.838598,349,748,OK
2,Arvore_Binaria,3,Desordenado,200000,warm,9,11876,0.025517,1,0,0.892099,380,834,OK
2,Arvore_Binaria,3,Desordenado,200000,warm,10,1919940,0.025608,1,0,0.371224,17,33,OK
2,Arvore_Binaria,3,Desordenado,200000,warm,11,572015,0.025798,1,0,0.365274,17,55,OK
2,Arvore_Binaria,3,Desordenado,200000,warm,12,187063,0.025698,1,0,0.395260,52,165,OK
2,Arvore_Binaria,3,Desordenado,200000,warm,13,219441,0.025738,1,0,0.358571,26,54,OK
2,Arvore_Binaria,3,Desordenado,200000,warm,14,124189,0.025448,1,0,0.362558,28,143,OK
2,Arvore_Binaria,3,Desordenado,200000,warm,15,27493,0.025277,1,0,0.427018,57,151,OK
2,Arvore_Binaria,3,Desordenado,200000,warm,16,1207419,0.025889,1,0,0.377476,33,160,OK
2,Arvore_Binaria,3,Desordenado,200000,warm,17,1595809,0.025969,1,0,0.368839,26,93,OK
2,Arvore_Binaria,3,Desordenado,200000,warm,18,158927,0.025468,1,0,0.436887,77,179,OK
2,Arvore_Binaria,3,Desordenado,200000,warm,19,962823,0.025768,1,0,0.360975,27,88,OK
2,Arvore_Binaria,3,Desordenado,200000,warm,20,442765,0.044884,1,0,0.361336,25,90,OK
2,Arvore_Binaria,3,Desordenado,200000,warm,21,514282,0.025868,1,0,0.432489,16,104,OK
2,Arvore_Binaria,3,Desordenado,200000,warm,22,677731,0.025207,1,0,0.384559,25,60,OK
2,Arvore_Binaria,3,Desordenado,200000,warm,23,83500,0.025497,1,0,0.372898,24,46,OK
2,Arvore_Binaria,3,Desordenado,200000,warm,24,1450392,0.025819,1,0,0.364182,25,146,OK
2,Arvore_Binaria,3,Desordenado,200000,warm,25,752725,0.025698,1,0,0.366085,27,62,OK
2,Arvore_Binaria,3,Desordenado,200000,warm,26,106731,0.025458,1,0,0.344304,23,55,OK
2,Arvore_Binaria,3,Desordenado,200000,warm,27,193808,0.025798,1,0,0.342320,20,46,OK
2,Arvore_Binaria,3,Desordenado,200000,warm,28,1503369,0.025047,1,0,0.374640,38,116,OK
2,Arvore_Binaria,3,Desordenado,200000,warm,29,523464,0.029345,1,0,0.386543,18,75,OK
2,Arvore_Binaria,3,Desordenado,200000,warm,30,1696906,0.026499,1,0,0.392323,28,132,OK
2,Arvore_Binaria,3,Desordenado,200000,warm,31,1654531,0.025838,1,0,0.349915,20,127,OK
2,Arvore_Binaria,3,Desordenado,200000,warm,32,913768,0.026059,1,0,0.363550,28,72,OK
2,Arvore_Binaria,3,Desordenado,200000,warm,33,139549,0.025568,1,0,0.397503,31,109,OK
2,Arvore_Binaria,3,Desordenado,200000,warm,34,1669941,0.029856,1,0,0.404106,23,54,OK
2,Arvore_Binaria,3,Desordenado,200000,warm,35,185791,0.025438,1,0,0.418933,33,155,OK
2,Arvore_Binaria,3,Desordenado,200000,warm,36,147567,0.025638,1,0,0.383627,28,121,OK
2,Arvore_Binaria,3,Desordenado,200000,warm,37,78588,0.025168,1,0,0.401461,29,144,OK
2,Arvore_Binaria,3,Desordenado,200000,warm,38,124490,0.028935,1,0,0.358069,25,138,OK
2,Arvore_Binaria,3,Desordenado,200000,warm,39,4361,0.025567,1,0,1.691330,906,1871,OK
2,Arvore_Binaria,3,Desordenado,200000,warm,40,96562,0.024926,1,0,0.410788,47,154,OK
2,Arvore_Binaria,3,Desordenado,200000,warm,41,86832,0.025699,1,0,0.417411,30,90,OK
2,Arvore_Binaria,3,Desordenado,200000,warm,42,977956,0.025548,1,0,0.359342,26,84,OK
2,Arvore_Binaria,3,Desordenado,200000,warm,43,28732,0.025728,1,0,0.399607,50,130,OK
2,Arvore_Binaria,3,Desordenado,200000,warm,44,1339275,0.025658,1,0,0.361396,28,147,OK
2,Arvore_Binaria,3,Desordenado,200000,warm,45,1782047,0.025358,1,0,0.348662,20,52,OK
2,Arvore_Binaria,3,Desordenado,200000,warm,46,1732943,0.025578,1,0,0.356346,24,101,OK
2,Arvore_Binaria,3,Desordenado,200000,warm,47,1467230,0.036268,1,0,0.364201,29,95,OK
2,Arvore_Binaria,3,Desordenado,200000,warm,48,180366,0.025468,1,0,0.409927,47,158,OK
2,Arvore_Binaria,3,Desordenado,200000,warm,49,889603,0.025237,1,0,0.401140,24,102,OK
2,Arvore_Binaria,3,Desordenado,200000,warm,50,1649905,0.025397,1,0,0.370603,15,113,OK
2,Arvore_Binaria,3,Desordenado,200000,warm,51,156476,0.025348,1,0,0.423552,38,150,OK
2,Arvore_Binaria,3,Desordenado,200000,warm,52,124410,0.025117,1,0,0.421699,61,130,OK
2,Arvore_Binaria,3,Desordenado,200000,warm,53,1587048,0.024957,1,0,0.364281,24,53,OK
2,Arvore_Binaria,3,Desordenado,200000,warm,54,496263,0.025368,1,0,0.357098,22,101,OK
2,Arvore_Binaria,3,Desordenado,200000,warm,55,1737000,0.025638,1,0,0.355315,24,89,OK
2,Arvore_Binaria,3,Desordenado,200000,warm,56,673310,0.025607,1,0,0.350195,24,69,OK
2,Arvore_Binaria,3,Desordenado,200000,warm,57,837991,0.025848,1,0,0.345837,22,91,OK
2,Arvore_Binaria,3,Desordenado,200000,warm,58,189110,0.029676,1,0,0.405388,41,90,OK
2,Arvore_Binaria,3,Desordenado,200000,warm,59,874397,0.026149,1,0,0.373248,25,110,OK
2,Arvore_Binaria,3,Desordenado,200000,warm,60,152967,0.032681,1,0,0.365994,25,115,OK
2,Arvore_Binaria,3,Desordenado,200000,warm,61,1979987,0.052227,1,0,0.361415,27,98,OK
2,Arvore_Binaria,3,Desordenado,200000,warm,62,44698,0.025938,1,0,0.406020,29,154,OK
2,Arvore_Binaria,3,Desordenado,200000,warm,63,137424,0.025467,1,0,0.386663,23,68,OK
2,Arvore_Binaria,3,Desordenado,200000,warm,64,1331542,0.025909,1,0,0.384659,23,139,OK
2,Arvore_Binaria,3,Desordenado,200000,warm,65,923611,0.025538,1,0,0.401911,30,111,OK
2,Arvore_Binaria,3,Desordenado,200000,warm,66,162460,0.025749,1,0,0.409997,36,130,OK
2,Arvore_Binaria,3,Desordenado,200000,warm,67,99664,0.029525,1,0,0.409035,56,174,OK
2,Arvore_Binaria,3,Desordenado,200000,warm,68,300228,0.024917,1,0,0.352510,20,76,OK
2,Arvore_Binaria,3,Desordenado,200000,warm,69,429992,0.025778,1,0,0.362979,25,96,OK
2,Arvore_Binaria,3,Desordenado,200000,warm,70,63490,0.025257,1,0,0.355805,24,136,OK
2,Arvore_Binaria,3,Desordenado,200000,warm,71,1756009,0.025858,1,0,0.369852,19,112,OK
2,Arvore_Binaria,3,Desordenado,200000,warm,72,276070,0.025417,1,0,0.362347,26,145,OK
2,Arvore_Binaria,3,Desordenado,200000,warm,73,597409,0.025387,1,0,0.376795,31,97,OK
2,Arvore_Binaria,3,Desordenado,200000,warm,74,809976,0.026179,1,0,0.352549,18,42,OK
2,Arvore_Binaria,3,Desordenado,200000,warm,75,1635109,0.063218,1,0,0.361356,24,58,OK
2,Arvore_Binaria,3,Desordenado,200000,warm,76,214066,0.025437,1,0,0.384479,20,102,OK
2,Arvore_Binaria,3,Desordenado,200000,warm,77,1622273,0.025778,1,0,0.416499,34,81,OK
2,Arvore_Binaria,3,Desordenado,200000,warm,78,1888956,0.026159,1,0,0.460361,18,66,OK
2,Arvore_Binaria,3,Desordenado,200000,warm,79,1671427,0.025628,1,0,0.385972,24,126,OK
2,Arvore_Binaria,3,Desordenado,200000,warm,80,1482567,0.025768,1,0,0.385541,28,150,OK
2,Arvore_Binaria,3,Desordenado,200000,warm,81,1744813,0.025978,1,0,0.353381,21,95,OK
2,Arvore_Binaria,3,Desordenado,200000,warm,82,132504,0.025277,1,0,0.365513,33,74,OK
2,Arvore_Binaria,3,Desordenado,200000,warm,83,979165,0.025799,1,0,0.352951,22,90,OK
2,Arvore_Binaria,3,Desordenado,200000,warm,84,1172183,0.025157,1,0,0.356557,27,129,OK
2,Arvore_Binaria,3,Desordenado,200000,warm,85,1729834,0.025769,1,0,0.365764,28,102,OK
2,Arvore_Binaria,3,Desordenado,200000,warm,86,160295,0.025488,1,0,0.404096,36,165,OK
2,Arvore_Binaria,3,Desordenado,200000,warm,87,178960,0.025748,1,0,0.358370,21,68,OK
2,Arvore_Binaria,3,Desordenado,200000,warm,88,192895,0.025448,1,0,0.376804,27,147,OK
2,Arvore_Binaria,3,Desordenado,200000,warm,89,593562,0.058409,1,0,0.360785,24,130,OK
2,Arvore_Binaria,3,Desordenado,200000,warm,90,1847366,0.025046,1,0,0.393767,15,54,OK
2,Arvore_Binaria,3,Desordenado,200000,warm,91,1776483,0.025788,1,0,0.469548,19,50,OK
2,Arvore_Binaria,3,Desordenado,200000,warm,92,1142837,0.028733,1,0,0.409967,29,153,OK
2,Arvore_Binaria,3,Desordenado,200000,warm,93,135969,0.025318,1,0,0.397664,28,123,OK
2,Arvore_Binaria,3,Desordenado,200000,warm,94,54353,0.025017,1,0,0.541773,19,89,OK
2,Arvore_Binaria,3,Desordenado,200000,warm,95,1368748,0.025878,1,0,0.398395,27,85,OK
2,Arvore_Binaria,3,Desordenado,200000,warm,96,85209,0.025427,1,0,0.450483,53,113,OK
2,Arvore_Binaria,3,Desordenado,200000,warm,97,845526,0.025488,1,0,0.396752,31,158,OK
2,Arvore_Binaria,3,Desordenado,200000,warm,98,1025826,0.025347,1,0,0.375593,29,58,OK
2,Arvore_Binaria,3,Desordenado,200000,warm,99,434979,0.025958,1,0,0.357459,19,86,OK
2,Arvore_Binaria,3,Desordenado,200000,warm,100,98782,0.025819,1,0,0.381864,32,144,OK
